time,RTT,deltam,deltas,omegam,omegas,thetam,thetas,pxs,pys,um,us,vm,vs,energy,b,velocity,thetaError
0,600,0,0,0,0,0,0,0,0,0,0,0,0,0,2.05380981721093,3.921875,0
0.01,600,0,0,0,0,0,0,0.0555555543137921,0,0,0,0,0,0,2.05380981721093,3.90625,0
0.02,600,0,0,0,0,0,0,0.111111108627584,0,0,0,0,0,0,2.05380981721093,3.90625,0
0.03,600,0,0,0,0,0,0,0.166666662941376,0,0,0,0,0,0,2.05380981721093,3.90625,0
0.04,600,0,0,0,0,0,0,0.222222217255168,0,0,0,0,0,0,2.05380981721093,3.90625,0
0.05,600,0,0,0,0,0,0,0.277777771568961,0,0,0,0,0,0,2.05380981721093,3.90625,0
0.06,600,0,0,0,0,0,0,0.333333325882753,0,0,0,0,0,0,2.05380981721093,3.90625,0
0.07,600,0,0,0,0,0,0,0.388888880196545,0,0,0,0,0,0,2.05380981721093,3.8828125,0
0.08,600,0,0,0,0,0,0,0.444444434510337,0,0,0,0,0,0,2.05380981721093,3.8828125,0
0.09,600,0,0,0,0,0,0,0.499999988824129,0,0,0,0,0,0,2.05380981721093,3.8828125,0
0.09999999,600,0,0,0,0,0,0,0.555555543137921,0,0,0,0,0,0,2.05380981721093,3.8828125,0
0.11,600,0,0,0,0,0,0,0.611111097451713,0,0,0,0,0,0,2.05380981721093,3.8828125,0
0.12,600,0,0,0,0,0,0,0.666666651765505,0,0,0,0,0,0,2.05380981721093,3.8828125,0
0.13,600,0,0,0,0,0,0,0.722222206079298,0,0,0,0,0,0,2.05380981721093,3.8828125,0
0.14,600,0,0,0,0,0,0,0.77777776039309,0,0,0,0,0,0,2.05380981721093,3.8828125,0
0.15,600,0,0,0,0,0,0,0.833333314706882,0,0,0,0,0,0,2.05380981721093,3.8828125,0
0.16,600,0,0,0,0,0,0,0.888888869020674,0,0,0,0,0,0,2.05380981721093,3.8828125,0
0.17,600,0,0,0,0,0,0,0.944444423334466,0,0,0,0,0,0,2.05380981721093,3.8828125,0
0.18,600,0,0,0,0,0,0,0.999999977648258,0,0,0,0,0,0,2.05380981721093,3.8828125,0
0.19,600,0,0,0,0,0,0,1.05555553196205,0,0,0,0,0,0,2.05380981721093,3.8828125,0
0.2,600,0,0,0,0,0,0,1.11111108627584,0,0,0,0,0,0,2.05380981721093,3.8828125,0
0.21,600,0,0,0,0,0,0,1.16666664058963,0,0,0,0,0,0,2.05380981721093,3.8828125,0
0.22,600,0,0,0,0,0,0,1.22222219490343,0,0,0,0,0,0,2.05380981721093,3.8671875,0
0.23,600,0,0,0,0,0,0,1.27777774921722,0,0,0,0,0,0,2.05380981721093,3.8671875,0
0.24,600,0,0,0,0,0,0,1.33333330353101,0,0,0,0,0,0,2.05380981721093,3.8671875,0
0.25,600,0,0,0,0,0,0,1.3888888578448,0,0,0,0,0,0,2.05380981721093,3.8671875,0
0.26,600,0,0,0,0,0,0,1.4444444121586,0,0,0,0,0,0,2.05380981721093,3.8671875,0
0.27,600,0,0,0,0,0,0,1.49999996647239,0,0,0,0,0,0,2.05380981721093,3.8671875,0
0.28,600,0,0,0,0,0,0,1.55555552078618,0,0,0,0,0,0,2.05380981721093,3.8671875,0
0.29,600,0,0,0,0,0,0,1.61111107509997,0,0,0,0,0,0,2.05380981721093,3.8671875,0
0.3,600,0,0,0,0,0,0,1.66666662941376,0,0,0,0,0,0,2.05380981721093,3.8671875,0
0.31,600,0,0,0,0,0,0,1.72222218372756,0,0,0,0,0,0,2.05380981721093,3.8671875,0
0.32,600,0,0,0,0,0,0,1.77777773804135,0,0,0,0,0,0,2.05380981721093,3.8671875,0
0.33,600,0,0,0,0,0,0,1.83333329235514,0,0,0,0,0,0,2.05380981721093,3.8671875,0
0.34,600,0,0,0,0,0,0,1.88888884666893,0,0,0,0,0,0,2.05380981721093,3.8671875,0
0.35,600,0,0,0,0,0,0,1.94444440098273,0,0,0,0,0,0,2.05380981721093,3.8671875,0
0.36,600,0,0,0,0,0,0,1.99999995529652,0,0,0,0,0,0,2.05380981721093,3.8671875,0
0.37,600,0,0,0,0,0,0,2.05555550961031,0,0,0,0,0,0,2.05380981721093,3.8515625,0
0.38,600,0,0,0,0,0,0,2.1111110639241,0,0,0,0,0,0,2.05380981721093,3.8515625,0
0.39,600,0,0,0,0,0,0,2.16666661823789,0,0,0,0,0,0,2.05380981721093,3.8515625,0
0.4,600,0,0,0,0,0,0,2.22222217255169,0,0,0,0,0,0,2.05380981721093,3.8515625,0
0.41,600,0,0,0,0,0,0,2.27777772686548,0,0,0,0,0,0,2.05380981721093,3.8515625,0
0.42,600,0,0,0,0,0,0,2.33333328117927,0,0,0,0,0,0,2.05380981721093,3.8515625,0
0.43,600,0,0,0,0,0,0,2.38888883549306,0,0,0,0,0,0,2.05380981721093,3.8515625,0
0.44,600,0,0,0,0,0,0,2.44444438980686,0,0,0,0,0,0,2.05380981721093,3.8515625,0
0.45,600,0,0,0,0,0,0,2.49999994412065,0,0,0,0,0,0,2.05380981721093,3.8515625,0
0.46,600,0,0,0,0,0,0,2.55555549843444,0,0,0,0,0,0,2.05380981721093,3.8515625,0
0.47,600,0,0,0,0,0,0,2.61111105274823,0,0,0,0,0,0,2.05380981721093,3.8515625,0
0.48,600,0,0,0,0,0,0,2.66666660706202,0,0,0,0,0,0,2.05380981721093,3.8515625,0
0.49,600,0,0,0,0,0,0,2.72222216137582,0,0,0,0,0,0,2.05380981721093,3.8515625,0
0.5,600,0,0,0,0,0,0,2.77777771568961,0,0,0,0,0,0,2.05380981721093,3.8515625,0
0.51,600,0,0,0,0,0,0,2.8333332700034,0,0,0,0,0,0,2.05380981721093,3.8515625,0
0.52,600,0,0,0,0,0,0,2.88888882431719,0,0,0,0,0,0,2.05380981721093,3.8515625,0
0.53,600,0,0,0,0,0,0,2.94444437863099,0,0,0,0,0,0,2.05380981721093,3.8515625,0
0.54,600,0,0,0,0,0,0,2.99999993294478,0,0,0,0,0,0,2.05380981721093,3.8515625,0
0.55,600,0,0,0,0,0,0,3.05555548725857,0,0,0,0,0,0,2.05380981721093,3.8515625,0
0.56,600,0,0,0,0,0,0,3.11111104157236,0,0,0,0,0,0,2.05380981721093,3.8515625,0
0.57,600,0,0,0,0,0,0,3.16666659588615,0,0,0,0,0,0,2.05380981721093,3.8515625,0
0.58,600,0,0,0,0,0,0,3.22222215019995,0,0,0,0,0,0,2.05380981721093,3.8515625,0
0.59,600,0,0,0,0,0,0,3.27777770451374,0,0,0,0,0,0,2.05380981721093,3.8515625,0
0.6,600,0,0,0,0,0,0,3.33333325882753,0,0,0,0,0,0,2.05380981721093,3.8515625,0
0.61,600,0,0,0,0,0,0,3.38888881314132,0,0,0,0,0,0,2.05380981721093,3.8515625,0
0.62,600,0,0,0,0,0,0,3.44444436745512,0,0,0,0,0,0,2.05380981721093,3.8515625,0
0.63,600,0,0,0,0,0,0,3.49999992176891,0,0,0,0,0,0,2.05380981721093,3.8203125,0
0.64,600,0,0,0,0,0,0,3.5555554760827,0,0,0,0,0,0,2.05380981721093,3.8203125,0
0.65,600,0,0,0,0,0,0,3.61111103039649,0,0,0,0,0,0,2.05380981721093,3.8203125,0
0.66,600,0,0,0,0,0,0,3.66666658471028,0,0,0,0,0,0,2.05380981721093,3.8203125,0
0.67,600,0,0,0,0,0,0,3.72222213902408,0,0,0,0,0,0,2.05380981721093,3.8203125,0
0.68,600,0,0,0,0,0,0,3.77777769333787,0,0,0,0,0,0,2.05380981721093,3.8203125,0
0.69,600,0,0,0,0,0,0,3.83333324765166,0,0,0,0,0,0,2.05380981721093,3.8203125,0
0.7,600,0,0,0,0,0,0,3.88888880196545,0,0,0,0,0,0,2.05380981721093,3.8203125,0
0.71,600,0,0,0,0,0,0,3.94444435627925,0,0,0,0,0,0,2.05380981721093,3.8203125,0
0.72,600,0,0,0,0,0,0,3.99999991059304,0,0,0,0,0,0,2.05380981721093,3.8203125,0
0.73,600,0,0,0,0,0,0,4.05555546490683,0,0,0,0,0,0,2.05380981721093,3.8125,0
0.74,600,0,0,0,0,0,0,4.11111101922062,0,0,0,0,0,0,2.05380981721093,3.8125,0
0.75,600,0,0,0,0,0,0,4.16666657353441,0,0,0,0,0,0,2.05380981721093,3.8125,0
0.76,600,0,0,0,0,0,0,4.22222212784821,0,0,0,0,0,0,2.05380981721093,3.8125,0
0.77,600,0,0,0,0,0,0,4.277777682162,0,0,0,0,0,0,2.05380981721093,3.8125,0
0.78,600,0,0,0,0,0,0,4.33333323647579,0,0,0,0,0,0,2.05380981721093,3.7890625,0
0.79,600,0,0,0,0,0,0,4.38888879078958,0,0,0,0,0,0,2.05380981721093,3.7890625,0
0.8,600,0,0,0,0,0,0,4.44444434510338,0,0,0,0,0,0,2.05380981721093,3.7890625,0
0.81,600,0,0,0,0,0,0,4.49999989941717,0,0,0,0,0,0,2.05380981721093,3.7890625,0
0.82,600,0,0,0,0,0,0,4.55555545373096,0,0,0,0,0,0,2.05380981721093,3.7890625,0
0.83,600,0,0,0,0,0,0,4.61111100804475,0,0,0,0,0,0,2.05380981721093,3.7734375,0
0.84,600,0,0,0,0,0,0,4.66666656235854,0,0,0,0,0,0,2.05380981721093,3.7734375,0
0.85,600,0,0,0,0,0,0,4.72222211667234,0,0,0,0,0,0,2.05380981721093,3.7734375,0
0.86,600,0,0,0,0,0,0,4.77777767098613,0,0,0,0,0,0,2.05380981721093,3.7734375,0
0.87,600,0,0,0,0,0,0,4.83333322529992,0,0,0,0,0,0,2.05380981721093,3.7734375,0
0.88,600,0,0,0,0,0,0,4.88888877961371,0,0,0,0,0,0,2.05380981721093,3.7734375,0
0.89,600,0,0,0,0,0,0,4.94444433392751,0,0,0,0,0,0,2.05380981721093,3.7734375,0
0.9,600,0,0,0,0,0,0,4.9999998882413,0,0,0,0,0,0,2.05380981721093,3.7734375,0
0.91,600,0,0,0,0,0,0,5.05555544255509,0,0,0,0,0,0,2.05380981721093,3.7734375,0
0.92,600,0,0,0,0,0,0,5.11111099686888,0,0,0,0,0,0,2.05380981721093,3.7734375,0
0.93,600,0,0,0,0,0,0,5.16666655118267,0,0,0,0,0,0,2.05380981721093,3.7734375,0
0.94,600,0,0,0,0,0,0,5.22222210549647,0,0,0,0,0,0,2.05380981721093,3.75,0
0.95,600,0,0,0,0,0,0,5.27777765981026,0,0,0,0,0,0,2.05380981721093,3.75,0
0.96,600,0,0,0,0,0,0,5.33333321412405,0,0,0,0,0,0,2.05380981721093,3.75,0
0.97,600,0,0,0,0,0,0,5.38888876843784,0,0,0,0,0,0,2.05380981721093,3.75,0
0.98,600,0,0,0,0,0,0,5.44444432275164,0,0,0,0,0,0,2.05380981721093,3.75,0
0.9899999,600,0,0,0,0,0,0,5.49999987706543,0,0,0,0,0,0,2.05380981721093,3.75,0
1,600,0,0,0,0,0,0,5.55555543137922,0,0,0,0,0,0,2.05380981721093,3.75,0
1.01,600,0,0,0,0,0,0,5.61111098569301,0,0,0,0,0,0,2.05380981721093,3.75,0
1.02,600,0,0,0,0,0,0,5.6666665400068,0,0,0,0,0,0,2.05380981721093,3.75,0
1.03,600,0,0,0,0,0,0,5.7222220943206,0,0,0,0,0,0,2.05380981721093,3.75,0
1.04,600,0,0,0,0,0,0,5.77777764863439,0,0,0,0,0,0,2.05380981721093,3.7265625,0
1.05,600,0,0,0,0,0,0,5.83333320294818,0,0,0,0,0,0,2.05380981721093,3.7265625,0
1.06,600,0,0,0,0,0,0,5.88888875726197,0,0,0,0,0,0,2.05380981721093,3.7265625,0
1.07,600,0,0,0,0,0,0,5.94444431157577,0,0,0,0,0,0,2.05380981721093,3.7265625,0
1.08,600,0,0,0,0,0,0,5.99999986588956,0,0,0,0,0,0,2.05380981721093,3.7265625,0
1.09,600,0,0,0,0,0,0,6.05555542020335,0,0,0,0,0,0,2.05380981721093,3.7265625,0
1.1,600,0,0,0,0,0,0,6.11111097451714,0,0,0,0,0,0,2.05380981721093,3.7265625,0
1.11,600,0,0,0,0,0,0,6.16666652883093,0,0,0,0,0,0,2.05380981721093,3.7265625,0
1.12,600,0,0,0,0,0,0,6.22222208314473,0,0,0,0,0,0,2.05380981721093,3.7265625,0
1.13,600,0,0,0,0,0,0,6.27777763745852,0,0,0,0,0,0,2.05380981721093,3.7265625,0
1.14,600,0,0,0,0,0,0,6.33333319177231,0,0,0,0,0,0,2.05380981721093,3.7109375,0
1.15,600,0,0,0,0,0,0,6.3888887460861,0,0,0,0,0,0,2.05380981721093,3.7109375,0
1.16,600,0,0,0,0,0,0,6.4444443003999,0,0,0,0,0,0,2.05380981721093,3.7109375,0
1.17,600,0,0,0,0,0,0,6.49999985471369,0,0,0,0,0,0,2.05380981721093,3.7109375,0
1.18,600,0,0,0,0,0,0,6.55555540902748,0,0,0,0,0,0,2.05380981721093,3.7109375,0
1.19,600,0,0,0,0,0,0,6.61111096334127,0,0,0,0,0,0,2.05380981721093,3.7109375,0
1.2,600,0,0,0,0,0,0,6.66666651765506,0,0,0,0,0,0,2.05380981721093,3.7109375,0
1.21,600,0,0,0,0,0,0,6.72222207196886,0,0,0,0,0,0,2.05380981721093,3.7109375,0
1.22,600,0,0,0,0,0,0,6.77777762628265,0,0,0,0,0,0,2.05380981721093,3.7109375,0
1.23,600,0,0,0,0,0,0,6.83333318059644,0,0,0,0,0,0,2.05380981721093,3.7109375,0
1.24,600,0,0,0,0,0,0,6.88888873491023,0,0,0,0,0,0,2.05380981721093,3.7109375,0
1.25,600,0,0,0,0,0,0,6.94444428922403,0,0,0,0,0,0,2.05380981721093,3.6875,0
1.26,600,0,0,0,0,0,0,6.99999984353782,0,0,0,0,0,0,2.05380981721093,3.6875,0
1.27,600,0,0,0,0,0,0,7.05555539785161,0,0,0,0,0,0,2.05380981721093,3.6875,0
1.28,600,0,0,0,0,0,0,7.1111109521654,0,0,0,0,0,0,2.05380981721093,3.6875,0
1.29,600,0,0,0,0,0,0,7.16666650647919,0,0,0,0,0,0,2.05380981721093,3.6875,0
1.3,600,0,0,0,0,0,0,7.22222206079299,0,0,0,0,0,0,2.05380981721093,3.6875,0
1.31,600,0,0,0,0,0,0,7.27777761510678,0,0,0,0,0,0,2.05380981721093,3.6875,0
1.32,600,0,0,0,0,0,0,7.33333316942057,0,0,0,0,0,0,2.05380981721093,3.6875,0
1.33,600,0,0,0,0,0,0,7.38888872373436,0,0,0,0,0,0,2.05380981721093,3.6875,0
1.34,600,0,0,0,0,0,0,7.44444427804816,0,0,0,0,0,0,2.05380981721093,3.6875,0
1.35,600,0,0,0,0,0,0,7.49999983236195,0,0,0,0,0,0,2.05380981721093,3.65625,0
1.36,600,0,0,0,0,0,0,7.55555538667574,0,0,0,0,0,0,2.05380981721093,3.65625,0
1.37,600,0,0,0,0,0,0,7.61111094098953,0,0,0,0,0,0,2.05380981721093,3.65625,0
1.38,600,0,0,0,0,0,0,7.66666649530332,0,0,0,0,0,0,2.05380981721093,3.65625,0
1.39,600,0,0,0,0,0,0,7.72222204961712,0,0,0,0,0,0,2.05380981721093,3.65625,0
1.4,600,0,0,0,0,0,0,7.77777760393091,0,0,0,0,0,0,2.05380981721093,3.65625,0
1.41,600,0,0,0,0,0,0,7.8333331582447,0,0,0,0,0,0,2.05380981721093,3.65625,0
1.42,600,0,0,0,0,0,0,7.88888871255849,0,0,0,0,0,0,2.05380981721093,3.65625,0
1.43,600,0,0,0,0,0,0,7.94444426687228,0,0,0,0,0,0,2.05380981721093,3.65625,0
1.44,600,0,0,0,0,0,0,7.99999982118608,0,0,0,0,0,0,2.05380981721093,3.65625,0
1.45,600,0,0,0,0,0,0,8.05555537549987,0,0,0,0,0,0,2.05380981721093,3.6484375,0
1.46,600,0,0,0,0,0,0,8.11111092981366,0,0,0,0,0,0,2.05380981721093,3.6484375,0
1.47,600,0,0,0,0,0,0,8.16666648412745,0,0,0,0,0,0,2.05380981721093,3.6484375,0
1.48,600,0,0,0,0,0,0,8.22222203844124,0,0,0,0,0,0,2.05380981721093,3.6484375,0
1.49,600,0,0,0,0,0,0,8.27777759275503,0,0,0,0,0,0,2.05380981721093,3.6484375,0
1.5,600,0,0,0,0,0,0,8.33333314706883,0,0,0,0,0,0,2.05380981721093,3.6328125,0
1.51,600,0,0,0,0,0,0,8.38888870138262,0,0,0,0,0,0,2.05380981721093,3.6328125,0
1.52,600,0,0,0,0,0,0,8.44444425569641,0,0,0,0,0,0,2.05380981721093,3.6328125,0
1.53,600,0,0,0,0,0,0,8.4999998100102,0,0,0,0,0,0,2.05380981721093,3.6328125,0
1.54,600,0,0,0,0,0,0,8.55555536432399,0,0,0,0,0,0,2.05380981721093,3.6328125,0
1.55,600,0,0,0,0,0,0,8.61111091863778,0,0,0,0,0,0,2.05380981721093,3.6328125,0
1.56,600,0,0,0,0,0,0,8.66666647295157,0,0,0,0,0,0,2.05380981721093,3.6328125,0
1.57,600,0,0,0,0,0,0,8.72222202726537,0,0,0,0,0,0,2.05380981721093,3.6328125,0
1.58,600,0,0,0,0,0,0,8.77777758157916,0,0,0,0,0,0,2.05380981721093,3.6328125,0
1.59,600,0,0,0,0,0,0,8.83333313589295,0,0,0,0,0,0,2.05380981721093,3.6328125,0
1.6,600,0,0,0,0,0,0,8.88888869020674,0,0,0,0,0,0,2.05380981721093,3.6328125,0
1.61,600,0,0,0,0,0,0,8.94444424452053,0,0,0,0,0,0,2.05380981721093,3.6328125,0
1.62,600,0,0,0,0,0,0,8.99999979883432,0,0,0,0,0,0,2.05380981721093,3.6328125,0
1.63,600,0,0,0,0,0,0,9.05555535314811,0,0,0,0,0,0,2.05380981721093,3.6328125,0
1.64,600,0,0,0,0,0,0,9.1111109074619,0,0,0,0,0,0,2.05380981721093,3.6328125,0
1.65,600,0,0,0,0,0,0,9.1666664617757,0,0,0,0,0,0,2.05380981721093,3.6328125,0
1.66,600,0,0,0,0,0,0,9.22222201608949,0,0,0,0,0,0,2.05380981721093,3.6171875,0
1.67,600,0,0,0,0,0,0,9.27777757040328,0,0,0,0,0,0,2.05380981721093,3.6171875,0
1.68,600,0,0,0,0,0,0,9.33333312471707,0,0,0,0,0,0,2.05380981721093,3.6171875,0
1.69,600,0,0,0,0,0,0,9.38888867903086,0,0,0,0,0,0,2.05380981721093,3.6171875,0
1.7,600,0,0,0,0,0,0,9.44444423334465,0,0,0,0,0,0,2.05380981721093,3.6171875,0
1.71,600,0,0,0,0,0,0,9.49999978765844,0,0,0,0,0,0,2.05380981721093,3.6171875,0
1.72,600,0,0,0,0,0,0,9.55555534197224,0,0,0,0,0,0,2.05380981721093,3.6171875,0
1.73,600,0,0,0,0,0,0,9.61111089628603,0,0,0,0,0,0,2.05380981721093,3.6171875,0
1.74,600,0,0,0,0,0,0,9.66666645059982,0,0,0,0,0,0,2.05380981721093,3.6171875,0
1.75,600,0,0,0,0,0,0,9.72222200491361,0,0,0,0,0,0,2.05380981721093,3.6171875,0
1.76,600,0,0,0,0,0,0,9.7777775592274,0,0,0,0,0,0,2.05380981721093,3.609375,0
1.77,600,0,0,0,0,0,0,9.83333311354119,0,0,0,0,0,0,2.05380981721093,3.609375,0
1.78,600,0,0,0,0,0,0,9.88888866785498,0,0,0,0,0,0,2.05380981721093,3.609375,0
1.79,600,0,0,0,0,0,0,9.94444422216877,0,0,0,0,0,0,2.05380981721093,3.609375,0
1.8,600,0,0,0,0,0,0,9.99999977648257,0,0,0,0,0,0,2.05380981721093,3.609375,0
1.81,600,0,0,0,0,0,0,10.0555553307964,0,0,0,0,0,0,2.05380981721093,3.59375,0
1.82,600,0,0,0,0,0,0,10.1111108851101,0,0,0,0,0,0,2.05380981721093,3.59375,0
1.83,600,0,0,0,0,0,0,10.1666664394239,0,0,0,0,0,0,2.05380981721093,3.59375,0
1.84,600,0,0,0,0,0,0,10.2222219937377,0,0,0,0,0,0,2.05380981721093,3.59375,0
1.85,600,0,0,0,0,0,0,10.2777775480515,0,0,0,0,0,0,2.05380981721093,3.59375,0
1.86,600,0,0,0,0,0,0,10.3333331023653,0,0,0,0,0,0,2.05380981721093,3.5859375,0
1.87,600,0,0,0,0,0,0,10.3888886566791,0,0,0,0,0,0,2.05380981721093,3.5859375,0
1.88,600,0,0,0,0,0,0,10.4444442109929,0,0,0,0,0,0,2.05380981721093,3.5859375,0
1.89,600,0,0,0,0,0,0,10.4999997653067,0,0,0,0,0,0,2.05380981721093,3.5859375,0
1.9,600,0,0,0,0,0,0,10.5555553196205,0,0,0,0,0,0,2.05380981721093,3.5859375,0
1.91,600,0,0,0,0,0,0,10.6111108739343,0,0,0,0,0,0,2.05380981721093,3.5859375,0
1.92,600,0,0,0,0,0,0,10.6666664282481,0,0,0,0,0,0,2.05380981721093,3.5859375,0
1.93,600,0,0,0,0,0,0,10.7222219825619,0,0,0,0,0,0,2.05380981721093,3.5859375,0
1.94,600,0,0,0,0,0,0,10.7777775368756,0,0,0,0,0,0,2.05380981721093,3.5859375,0
1.95,600,0,0,0,0,0,0,10.8333330911894,0,0,0,0,0,0,2.05380981721093,3.5859375,0
1.96,600,0,0,0,0,0,0,10.8888886455032,0,0,0,0,0,0,2.05380981721093,3.578125,0
1.97,600,0,0,0,0,0,0,10.944444199817,0,0,0,0,0,0,2.05380981721093,3.578125,0
1.98,600,0,0,0,0,0,0,10.9999997541308,0,0,0,0,0,0,2.05380981721093,3.578125,0
1.99,600,0,0,0,0,0,0,11.0555553084446,0,0,0,0,0,0,2.05380981721093,3.578125,0
2,600,0,0,0,0,0,0,11.1111108627584,0,0,0,0,0,0,2.05380981721093,3.578125,0
2.01,600,0,0,0,0,0,0,11.1666664170722,0,0,0,0,0,0,2.05380981721093,3.578125,0
2.02,600,0,0,0,0,0,0,11.222221971386,0,0,0,0,0,0,2.05380981721093,3.5625,0
2.03,600,0,0,0,0,0,0,11.2777775256998,0,0,0,0,0,0,2.05380981721093,3.5625,0
2.04,600,0,0,0,0,0,0,11.3333330800136,0,0,0,0,0,0,2.05380981721093,3.5625,0
2.05,600,0,0,0,0,0,0,11.3888886343273,0,0,0,0,0,0,2.05380981721093,3.5625,0
2.06,600,0,0,0,0,0,0,11.4444441886411,0,0,0,0,0,0,2.05380981721093,3.5625,0
2.07,600,0,0,0,0,0,0,11.4999997429549,0,0,0,0,0,0,2.05380981721093,3.5625,0
2.08,600,0,0,0,0,0,0,11.5555552972687,0,0,0,0,0,0,2.05380981721093,3.5625,0
2.09,600,0,0,0,0,0,0,11.6111108515825,0,0,0,0,0,0,2.05380981721093,3.5625,0
2.1,600,0,0,0,0,0,0,11.6666664058963,0,0,0,0,0,0,2.05380981721093,3.5625,0
2.11,600,0,0,0,0,0,0,11.7222219602101,0,0,0,0,0,0,2.05380981721093,3.5625,0
2.12,600,0,0,0,0,0,0,11.7777775145239,0,0,0,0,0,0,2.05380981721093,3.5546875,0
2.13,600,0,0,0,0,0,0,11.8333330688377,0,0,0,0,0,0,2.05380981721093,3.5546875,0
2.14,600,0,0,0,0,0,0,11.8888886231515,0,0,0,0,0,0,2.05380981721093,3.5546875,0
2.15,600,0,0,0,0,0,0,11.9444441774653,0,0,0,0,0,0,2.05380981721093,3.5546875,0
2.16,600,0,0,0,0,0,0,11.9999997317791,0,0,0,0,0,0,2.05380981721093,3.5546875,0
2.17,600,0,0,0,0,0,0,12.0555552860928,0,0,0,0,0,0,2.05380981721093,3.5546875,0
2.18,600,0,0,0,0,0,0,12.1111108404066,0,0,0,0,0,0,2.05380981721093,3.5546875,0
2.19,600,0,0,0,0,0,0,12.1666663947204,0,0,0,0,0,0,2.05380981721093,3.5546875,0
2.2,600,0,0,0,0,0,0,12.2222219490342,0,0,0,0,0,0,2.05380981721093,3.5546875,0
2.21,600,0,0,0,0,0,0,12.277777503348,0,0,0,0,0,0,2.05380981721093,3.5546875,0
2.22,600,0,0,0,0,0,0,12.3333330576618,0,0,0,0,0,0,2.05380981721093,3.546875,0
2.23,600,0,0,0,0,0,0,12.3888886119756,0,0,0,0,0,0,2.05380981721093,3.546875,0
2.24,600,0,0,0,0,0,0,12.4444441662894,0,0,0,0,0,0,2.05380981721093,3.546875,0
2.25,600,0,0,0,0,0,0,12.4999997206032,0,0,0,0,0,0,2.05380981721093,3.546875,0
2.26,600,0,0,0,0,0,0,12.555555274917,0,0,0,0,0,0,2.05380981721093,3.546875,0
2.27,600,0,0,0,0,0,0,12.6111108292308,0,0,0,0,0,0,2.05380981721093,3.5390625,0
2.28,600,0,0,0,0,0,0,12.6666663835446,0,0,0,0,0,0,2.05380981721093,3.5390625,0
2.29,600,0,0,0,0,0,0,12.7222219378583,0,0,0,0,0,0,2.05380981721093,3.5390625,0
2.3,600,0,0,0,0,0,0,12.7777774921721,0,0,0,0,0,0,2.05380981721093,3.5390625,0
2.31,600,0,0,0,0,0,0,12.8333330464859,0,0,0,0,0,0,2.05380981721093,3.5390625,0
2.32,600,0,0,0,0,0,0,12.8888886007997,0,0,0,0,0,0,2.05380981721093,3.5390625,0
2.33,600,0,0,0,0,0,0,12.9444441551135,0,0,0,0,0,0,2.05380981721093,3.5390625,0
2.34,600,0,0,0,0,0,0,12.9999997094273,0,0,0,0,0,0,2.05380981721093,3.5390625,0
2.35,600,0,0,0,0,0,0,13.0555552637411,0,0,0,0,0,0,2.05380981721093,3.5390625,0
2.36,600,0,0,0,0,0,0,13.1111108180549,0,0,0,0,0,0,2.05380981721093,3.5390625,0
2.37,600,0,0,0,0,0,0,13.1666663723687,0,0,0,0,0,0,2.05380981721093,3.5390625,0
2.38,600,0,0,0,0,0,0,13.2222219266825,0,0,0,0,0,0,2.05380981721093,3.5078125,0
2.39,600,0,0,0,0,0,0,13.2777774809963,0,0,0,0,0,0,2.05380981721093,3.5078125,0
2.4,600,0,0,0,0,0,0,13.33333303531,0,0,0,0,0,0,2.05380981721093,3.5078125,0
2.41,600,0,0,0,0,0,0,13.3888885896238,0,0,0,0,0,0,2.05380981721093,3.5078125,0
2.42,600,0,0,0,0,0,0,13.4444441439376,0,0,0,0,0,0,2.05380981721093,3.5078125,0
2.43,600,0,0,0,0,0,0,13.4999996982514,0,0,0,0,0,0,2.05380981721093,3.4921875,0
2.44,600,0,0,0,0,0,0,13.5555552525652,0,0,0,0,0,0,2.05380981721093,3.4921875,0
2.45,600,0,0,0,0,0,0,13.611110806879,0,0,0,0,0,0,2.05380981721093,3.4921875,0
2.46,600,0,0,0,0,0,0,13.6666663611928,0,0,0,0,0,0,2.05380981721093,3.4921875,0
2.47,600,0,0,0,0,0,0,13.7222219155066,0,0,0,0,0,0,2.05380981721093,3.4921875,0
2.48,600,0,0,0,0,0,0,13.7777774698204,0,0,0,0,0,0,2.05380981721093,3.4765625,0
2.49,600,0,0,0,0,0,0,13.8333330241342,0,0,0,0,0,0,2.05380981721093,3.4765625,0
2.5,600,0,0,0,0,0,0,13.888888578448,0,0,0,0,0,0,2.05380981721093,3.4765625,0
2.51,600,0,0,0,0,0,0,13.9444441327618,0,0,0,0,0,0,2.05380981721093,3.4765625,0
2.52,600,0,0,0,0,0,0,13.9999996870755,0,0,0,0,0,0,2.05380981721093,3.4765625,0
2.53,600,0,0,0,0,0,0,14.0555552413893,0,0,0,0,0,0,2.05380981721093,3.4765625,0
2.54,600,0,0,0,0,0,0,14.1111107957031,0,0,0,0,0,0,2.05380981721093,3.4765625,0
2.55,600,0,0,0,0,0,0,14.1666663500169,0,0,0,0,0,0,2.05380981721093,3.4765625,0
2.56,600,0,0,0,0,0,0,14.2222219043307,0,0,0,0,0,0,2.05380981721093,3.4765625,0
2.57,600,0,0,0,0,0,0,14.2777774586445,0,0,0,0,0,0,2.05380981721093,3.4765625,0
2.58,600,0,0,0,0,0,0,14.3333330129583,0,0,0,0,0,0,2.05380981721093,3.4609375,0
2.59,600,0,0,0,0,0,0,14.3888885672721,0,0,0,0,0,0,2.05380981721093,3.4609375,0
2.6,600,0,0,0,0,0,0,14.4444441215859,0,0,0,0,0,0,2.05380981721093,3.4609375,0
2.61,600,0,0,0,0,0,0,14.4999996758997,0,0,0,0,0,0,2.05380981721093,3.4609375,0
2.62,600,0,0,0,0,0,0,14.5555552302135,0,0,0,0,0,0,2.05380981721093,3.4609375,0
2.63,600,0,0,0,0,0,0,14.6111107845272,0,0,0,0,0,0,2.05380981721093,3.4609375,0
2.64,600,0,0,0,0,0,0,14.666666338841,0,0,0,0,0,0,2.05380981721093,3.4609375,0
2.65,600,0,0,0,0,0,0,14.7222218931548,0,0,0,0,0,0,2.05380981721093,3.4609375,0
2.66,600,0,0,0,0,0,0,14.7777774474686,0,0,0,0,0,0,2.05380981721093,3.4609375,0
2.67,600,0,0,0,0,0,0,14.8333330017824,0,0,0,0,0,0,2.05380981721093,3.4609375,0
2.68,600,0,0,0,0,0,0,14.8888885560962,0,0,0,0,0,0,2.05380981721093,3.453125,0
2.69,600,0,0,0,0,0,0,14.94444411041,0,0,0,0,0,0,2.05380981721093,3.453125,0
2.7,600,0,0,0,0,0,0,14.9999996647238,0,0,0,0,0,0,2.05380981721093,3.453125,0
2.71,600,0,0,0,0,0,0,15.0555552190376,0,0,0,0,0,0,2.05380981721093,3.453125,0
2.72,600,0,0,0,0,0,0,15.1111107733514,0,0,0,0,0,0,2.05380981721093,3.453125,0
2.73,600,0,0,0,0,0,0,15.1666663276652,0,0,0,0,0,0,2.05380981721093,3.4296875,0
2.74,600,0,0,0,0,0,0,15.222221881979,0,0,0,0,0,0,2.05380981721093,3.4296875,0
2.75,600,0,0,0,0,0,0,15.2777774362927,0,0,0,0,0,0,2.05380981721093,3.4296875,0
2.76,600,0,0,0,0,0,0,15.3333329906065,0,0,0,0,0,0,2.05380981721093,3.4296875,0
2.77,600,0,0,0,0,0,0,15.3888885449203,0,0,0,0,0,0,2.05380981721093,3.4296875,0
2.78,600,0,0,0,0,0,0,15.4444440992341,0,0,0,0,0,0,2.05380981721093,3.4296875,0
2.79,600,0,0,0,0,0,0,15.4999996535479,0,0,0,0,0,0,2.05380981721093,3.4296875,0
2.8,600,0,0,0,0,0,0,15.5555552078617,0,0,0,0,0,0,2.05380981721093,3.4296875,0
2.81,600,0,0,0,0,0,0,15.6111107621755,0,0,0,0,0,0,2.05380981721093,3.4296875,0
2.82,600,0,0,0,0,0,0,15.6666663164893,0,0,0,0,0,0,2.05380981721093,3.4296875,0
2.83,600,0,0,0,0,0,0,15.7222218708031,0,0,0,0,0,0,2.05380981721093,3.4296875,0
2.84,600,0,0,0,0,0,0,15.7777774251169,0,0,0,0,0,0,2.05380981721093,3.421875,0
2.85,600,0,0,0,0,0,0,15.8333329794307,0,0,0,0,0,0,2.05380981721093,3.421875,0
2.86,600,0,0,0,0,0,0,15.8888885337444,0,0,0,0,0,0,2.05380981721093,3.421875,0
2.87,600,0,0,0,0,0,0,15.9444440880582,0,0,0,0,0,0,2.05380981721093,3.421875,0
2.88,600,0,0,0,0,0,0,15.999999642372,0,0,0,0,0,0,2.05380981721093,3.421875,0
2.89,600,0,0,0,0,0,0,16.0555551966858,0,0,0,0,0,0,2.05380981721093,3.40625,0
2.9,600,0,0,0,0,0,0,16.1111107509996,0,0,0,0,0,0,2.05380981721093,3.40625,0
2.91,600,0,0,0,0,0,0,16.1666663053134,0,0,0,0,0,0,2.05380981721093,3.40625,0
2.92,600,0,0,0,0,0,0,16.2222218596272,0,0,0,0,0,0,2.05380981721093,3.40625,0
2.93,600,0,0,0,0,0,0,16.277777413941,0,0,0,0,0,0,2.05380981721093,3.40625,0
2.94,600,0,0,0,0,0,0,16.3333329682548,0,0,0,0,0,0,2.05380981721093,3.390625,0
2.95,600,0,0,0,0,0,0,16.3888885225686,0,0,0,0,0,0,2.05380981721093,3.390625,0
2.96,600,0,0,0,0,0,0,16.4444440768824,0,0,0,0,0,0,2.05380981721093,3.390625,0
2.97,600,0,0,0,0,0,0,16.4999996311962,0,0,0,0,0,0,2.05380981721093,3.390625,0
2.98,600,0,0,0,0,0,0,16.5555551855099,0,0,0,0,0,0,2.05380981721093,3.390625,0
2.99,600,0,0,0,0,0,0,16.6111107398237,0,0,0,0,0,0,2.05380981721093,3.390625,0
3,600,0,0,0,0,0,0,16.6666662941375,0,0,0,0,0,0,2.05380981721093,3.390625,0
3.01,600,0,0,0,0,0,0,16.7222218484513,0,0,0,0,0,0,2.05380981721093,3.390625,0
3.02,600,0,0,0,0,0,0,16.7777774027651,0,0,0,0,0,0,2.05380981721093,3.390625,0
3.03,600,0,0,0,0,0,0,16.8333329570789,0,0,0,0,0,0,2.05380981721093,3.390625,0
3.04,600,0,0,0,0,0,0,16.8888885113927,0,0,0,0,0,0,2.05380981721093,3.375,0
3.05,600,0,0,0,0,0,0,16.9444440657065,0,0,0,0,0,0,2.05380981721093,3.375,0
3.06,600,0,0,0,0,0,0,16.9999996200203,0,0,0,0,0,0,2.05380981721093,3.375,0
3.07,600,0,0,0,0,0,0,17.0555551743341,0,0,0,0,0,0,2.05380981721093,3.375,0
3.08,600,0,0,0,0,0,0,17.1111107286479,0,0,0,0,0,0,2.05380981721093,3.375,0
3.09,600,0,0,0,0,0,0,17.1666662829616,0,0,0,0,0,0,2.05380981721093,3.375,0
3.1,600,0,0,0,0,0,0,17.2222218372754,0,0,0,0,0,0,2.05380981721093,3.3671875,0
3.11,600,0,0,0,0,0,0,17.2777773915892,0,0,0,0,0,0,2.05380981721093,3.3671875,0
3.12,600,0,0,0,0,0,0,17.333332945903,0,0,0,0,0,0,2.05380981721093,3.3671875,0
3.13,600,0,0,0,0,0,0,17.3888885002168,0,0,0,0,0,0,2.05380981721093,3.3671875,0
3.14,600,0,0,0,0,0,0,17.4444440545306,0,0,0,0,0,0,2.05380981721093,3.3671875,0
3.15,600,0,0,0,0,0,0,17.4999996088444,0,0,0,0,0,0,2.05380981721093,3.3671875,0
3.16,600,0,0,0,0,0,0,17.5555551631582,0,0,0,0,0,0,2.05380981721093,3.3671875,0
3.17,600,0,0,0,0,0,0,17.611110717472,0,0,0,0,0,0,2.05380981721093,3.3671875,0
3.18,600,0,0,0,0,0,0,17.6666662717858,0,0,0,0,0,0,2.05380981721093,3.3671875,0
3.19,600,0,0,0,0,0,0,17.7222218260996,0,0,0,0,0,0,2.05380981721093,3.3671875,0
3.2,600,0,0,0,0,0,0,17.7777773804134,0,0,0,0,0,0,2.05380981721093,3.328125,0
3.21,600,0,0,0,0,0,0,17.8333329347271,0,0,0,0,0,0,2.05380981721093,3.328125,0
3.22,600,0,0,0,0,0,0,17.8888884890409,0,0,0,0,0,0,2.05380981721093,3.328125,0
3.23,600,0,0,0,0,0,0,17.9444440433547,0,0,0,0,0,0,2.05380981721093,3.328125,0
3.24,600,0,0,0,0,0,0,17.9999995976685,0,0,0,0,0,0,2.05380981721093,3.328125,0
3.25,600,0,0,0,0,0,0,18.0555551519823,0,0,0,0,0,0,2.05380981721093,3.328125,0
3.26,600,0,0,0,0,0,0,18.1111107062961,0,0,0,0,0,0,2.05380981721093,3.328125,0
3.27,600,0,0,0,0,0,0,18.1666662606099,0,0,0,0,0,0,2.05380981721093,3.328125,0
3.28,600,0,0,0,0,0,0,18.2222218149237,0,0,0,0,0,0,2.05380981721093,3.328125,0
3.29,600,0,0,0,0,0,0,18.2777773692375,0,0,0,0,0,0,2.05380981721093,3.328125,0
3.3,600,0,0,0,0,0,0,18.3333329235513,0,0,0,0,0,0,2.05380981721093,3.2734375,0
3.31,600,0,0,0,0,0,0,18.3888884778651,0,0,0,0,0,0,2.05380981721093,3.2734375,0
3.32,600,0,0,0,0,0,0,18.4444440321789,0,0,0,0,0,0,2.05380981721093,3.2734375,0
3.33,600,0,0,0,0,0,0,18.4999995864926,0,0,0,0,0,0,2.05380981721093,3.2734375,0
3.34,600,0,0,0,0,0,0,18.5555551408064,0,0,0,0,0,0,2.05380981721093,3.2734375,0
3.35,600,0,0,0,0,0,0,18.6111106951202,0,0,0,0,0,0,2.05380981721093,3.2734375,0
3.36,600,0,0,0,0,0,0,18.666666249434,0,0,0,0,0,0,2.05380981721093,3.2734375,0
3.37,600,0,0,0,0,0,0,18.7222218037478,0,0,0,0,0,0,2.05380981721093,3.2734375,0
3.38,600,0,0,0,0,0,0,18.7777773580616,0,0,0,0,0,0,2.05380981721093,3.2734375,0
3.39,600,0,0,0,0,0,0,18.8333329123754,0,0,0,0,0,0,2.05380981721093,3.2734375,0
3.4,600,0,0,0,0,0,0,18.8888884666892,0,0,0,0,0,0,2.05380981721093,3.2734375,0
3.41,600,0,0,0,0,0,0,18.944444021003,0,0,0,0,0,0,2.05380981721093,3.265625,0
3.42,600,0,0,0,0,0,0,18.9999995753168,0,0,0,0,0,0,2.05380981721093,3.265625,0
3.43,600,0,0,0,0,0,0,19.0555551296306,0,0,0,0,0,0,2.05380981721093,3.265625,0
3.44,600,0,0,0,0,0,0,19.1111106839443,0,0,0,0,0,0,2.05380981721093,3.265625,0
3.45,600,0,0,0,0,0,0,19.1666662382581,0,0,0,0,0,0,2.05380981721093,3.265625,0
3.46,600,0,0,0,0,0,0,19.2222217925719,0,0,0,0,0,0,2.05380981721093,3.265625,0
3.47,600,0,0,0,0,0,0,19.2777773468857,0,0,0,0,0,0,2.05380981721093,3.265625,0
3.48,600,0,0,0,0,0,0,19.3333329011995,0,0,0,0,0,0,2.05380981721093,3.265625,0
3.49,600,0,0,0,0,0,0,19.3888884555133,0,0,0,0,0,0,2.05380981721093,3.265625,0
3.5,600,0,0,0,0,0,0,19.4444440098271,0,0,0,0,0,0,2.05380981721093,3.265625,0
3.51,600,0,0,0,0,0,0,19.4999995641409,0,0,0,0,0,0,2.05380981721093,3.2421875,0
3.52,600,0,0,0,0,0,0,19.5555551184547,0,0,0,0,0,0,2.05380981721093,3.2421875,0
3.53,600,0,0,0,0,0,0,19.6111106727685,0,0,0,0,0,0,2.05380981721093,3.2421875,0
3.54,600,0,0,0,0,0,0,19.6666662270823,0,0,0,0,0,0,2.05380981721093,3.2421875,0
