time,RTT,deltam,deltas,omegam,omegas,thetam,thetas,pxs,pys,um,us,vm,vs,energy,b
0,600,0,0,0,0,0,0,0.0555555543137921,0,0,0,0,0,0,2.05380981721093
0,600,0,0,0,0,0,0,0.0555555543137921,0,0,0,0,0,0,2.05380981721093
0,600,0,0,0,0,0,0,0.0555555543137921,0,0,0,0,0,0,2.05380981721093
0,600,0,0,0,0,0,0,0.0555555543137921,0,0,0,0,0,0,2.05380981721093
0.01666667,600,0,0,0,0,0,0,0.111111108627584,0,0,0,0,0,0,2.05380981721093
0.03333334,600,0,0,0,0,0,0,0.222222217255168,0,0,0,0,0,0,2.05380981721093
0.05,600,0,0,0,0,0,0,0.333333325882753,0,0,0,0,0,0,2.05380981721093
0.06666667,600,0,0,0,0,0,0,0.388888880196545,0,0,0,0,0,0,2.05380981721093
0.08333334,600,0,0,0,0,0,0,0.499999988824129,0,0,0,0,0,0,2.05380981721093
0.1,600,0,0,0,0,0,0,0.611111097451713,0,0,0,0,0,0,2.05380981721093
0.1166667,600,0,0,0,0,0,0,0.666666651765505,0,0,0,0,0,0,2.05380981721093
0.1333333,600,0,0,0,0,0,0,0.77777776039309,0,0,0,0,0,0,2.05380981721093
0.15,600,0,0,0,0,0,0,0.888888869020674,0,0,0,0,0,0,2.05380981721093
0.1666667,600,0,0,0,0,0,0,0.944444423334466,0,0,0,0,0,0,2.05380981721093
0.1833333,600,0,0,0,0,0,0,1.05555553196205,0,0,0,0,0,0,2.05380981721093
0.2,600,0,0,0,0,0,0,1.16666664058963,0,0,0,0,0,0,2.05380981721093
0.2166667,600,0,0,0,0,0,0,1.22222219490343,0,0,0,0,0,0,2.05380981721093
0.2333333,600,0,0,0,0,0,0,1.33333330353101,0,0,0,0,0,0,2.05380981721093
0.25,600,0,0,0,0,0,0,1.4444444121586,0,0,0,0,0,0,2.05380981721093
0.2666667,600,0,0,0,0,0,0,1.49999996647239,0,0,0,0,0,0,2.05380981721093
0.2833334,600,0,0,0,0,0,0,1.61111107509997,0,0,0,0,0,0,2.05380981721093
0.3,600,0,0,0,0,0,0,1.72222218372756,0,0,0,0,0,0,2.05380981721093
0.3166667,600,0,0,0,0,0,0,1.77777773804135,0,0,0,0,0,0,2.05380981721093
0.3333333,600,0,0,0,0,0,0,1.88888884666893,0,0,0,0,0,0,2.05380981721093
0.35,600,0,0,0,0,0,0,1.99999995529652,0,0,0,0,0,0,2.05380981721093
0.3666667,600,0,0,0,0,0,0,2.05555550961031,0,0,0,0,0,0,2.05380981721093
0.3833334,600,0,0,0,0,0,0,2.16666661823789,0,0,0,0,0,0,2.05380981721093
0.4,600,0,0,0,0,0,0,2.27777772686548,0,0,0,0,0,0,2.05380981721093
0.4166667,600,0,0,0,0,0,0,2.33333328117927,0,0,0,0,0,0,2.05380981721093
0.4333334,600,0,0,0,0,0,0,2.44444438980686,0,0,0,0,0,0,2.05380981721093
0.45,600,0,0,0,0,0,0,2.55555549843444,0,0,0,0,0,0,2.05380981721093
0.4666667,600,0,0,0,0,0,0,2.61111105274823,0,0,0,0,0,0,2.05380981721093
0.4833333,600,0,0,0,0,0,0,2.72222216137582,0,0,0,0,0,0,2.05380981721093
0.5,600,0,0,0,0,0,0,2.8333332700034,0,0,0,0,0,0,2.05380981721093
0.5166667,600,0,0,0,0,0,0,2.88888882431719,0,0,0,0,0,0,2.05380981721093
0.5333334,600,0,0,0,0,0,0,2.99999993294478,0,0,0,0,0,0,2.05380981721093
0.55,600,0,0,0,0,0,0,3.11111104157236,0,0,0,0,0,0,2.05380981721093
0.5666667,600,0,0,0,0,0,0,3.16666659588615,0,0,0,0,0,0,2.05380981721093
0.5833334,600,0,0,0,0,0,0,3.27777770451374,0,0,0,0,0,0,2.05380981721093
0.6,600,0,0,0,0,0,0,3.38888881314132,0,0,0,0,0,0,2.05380981721093
0.6166667,600,0,0,0,0,0,0,3.44444436745512,0,0,0,0,0,0,2.05380981721093
0.6333334,600,0,0,0,0,0,0,3.5555554760827,0,0,0,0,0,0,2.05380981721093
0.65,600,0,0,0,0,0,0,3.66666658471028,0,0,0,0,0,0,2.05380981721093
0.6666667,600,0,0,0,0,0,0,3.72222213902408,0,0,0,0,0,0,2.05380981721093
0.6833334,600,0,0,0,0,0,0,3.83333324765166,0,0,0,0,0,0,2.05380981721093
0.7,600,0,0,0,0,0,0,3.94444435627925,0,0,0,0,0,0,2.05380981721093
0.7166667,600,0,0,0,0,0,0,3.99999991059304,0,0,0,0,0,0,2.05380981721093
0.7333333,600,0,0,0,0,0,0,4.11111101922062,0,0,0,0,0,0,2.05380981721093
0.7500001,600,0,0,0,0,0,0,4.22222212784821,0,0,0,0,0,0,2.05380981721093
0.7666667,600,0,0,0,0,0,0,4.277777682162,0,0,0,0,0,0,2.05380981721093
0.7833334,600,0,0,0,0,0,0,4.38888879078958,0,0,0,0,0,0,2.05380981721093
0.8000001,600,0,0,0,0,0,0,4.49999989941717,0,0,0,0,0,0,2.05380981721093
0.8166667,600,0,0,0,0,0,0,4.55555545373096,0,0,0,0,0,0,2.05380981721093
0.8333334,600,0,0,0,0,0,0,4.66666656235854,0,0,0,0,0,0,2.05380981721093
0.85,600,0,0,0,0,0,0,4.77777767098613,0,0,0,0,0,0,2.05380981721093
0.8666667,600,0,0,0,0,0,0,4.83333322529992,0,0,0,0,0,0,2.05380981721093
0.8833334,600,0,0,0,0,0,0,4.94444433392751,0,0,0,0,0,0,2.05380981721093
0.9,600,0,0,0,0,0,0,5.05555544255509,0,0,0,0,0,0,2.05380981721093
0.9166667,600,0,0,0,0,0,0,5.11111099686888,0,0,0,0,0,0,2.05380981721093
0.9333334,600,0,0,0,0,0,0,5.22222210549647,0,0,0,0,0,0,2.05380981721093
0.95,600,0,0,0,0,0,0,5.33333321412405,0,0,0,0,0,0,2.05380981721093
0.9666667,600,0,0,0,0,0,0,5.38888876843784,0,0,0,0,0,0,2.05380981721093
0.9833334,600,0,0,0,0,0,0,5.49999987706543,0,0,0,0,0,0,2.05380981721093
1,600,0,0,0,0,0,0,5.61111098569301,0,0,0,0,0,0,2.05380981721093
1.016667,600,0,0,0,0,0,0,5.6666665400068,0,0,0,0,0,0,2.05380981721093
1.033333,600,0,0,0,0,0,0,5.77777764863439,0,0,0,0,0,0,2.05380981721093
1.05,600,0,0,0,0,0,0,5.88888875726197,0,0,0,0,0,0,2.05380981721093
1.066667,600,0,0,0,0,0,0,5.94444431157577,0,0,0,0,0,0,2.05380981721093
1.083333,600,0,0,0,0,0,0,6.05555542020335,0,0,0,0,0,0,2.05380981721093
1.1,600,0,0,0,0,0,0,6.16666652883093,0,0,0,0,0,0,2.05380981721093
1.116667,600,0,0,0,0,0,0,6.22222208314473,0,0,0,0,0,0,2.05380981721093
1.133333,600,0,0,0,0,0,0,6.33333319177231,0,0,0,0,0,0,2.05380981721093
1.15,600,0,0,0,0,0,0,6.4444443003999,0,0,0,0,0,0,2.05380981721093
1.166667,600,0,0,0,0,0,0,6.49999985471369,0,0,0,0,0,0,2.05380981721093
1.183333,600,0,0,0,0,0,0,6.61111096334127,0,0,0,0,0,0,2.05380981721093
1.2,600,0,0,0,0,0,0,6.72222207196886,0,0,0,0,0,0,2.05380981721093
1.216667,600,0,0,0,0,0,0,6.77777762628265,0,0,0,0,0,0,2.05380981721093
1.233333,600,0,0,0,0,0,0,6.88888873491023,0,0,0,0,0,0,2.05380981721093
1.25,600,0,0,0,0,0,0,6.99999984353782,0,0,0,0,0,0,2.05380981721093
1.266667,600,0,0,0,0,0,0,7.05555539785161,0,0,0,0,0,0,2.05380981721093
1.283333,600,0,0,0,0,0,0,7.16666650647919,0,0,0,0,0,0,2.05380981721093
1.3,600,0,0,0,0,0,0,7.27777761510678,0,0,0,0,0,0,2.05380981721093
1.316667,600,0,0,0,0,0,0,7.33333316942057,0,0,0,0,0,0,2.05380981721093
1.333333,600,0,0,0,0,0,0,7.44444427804816,0,0,0,0,0,0,2.05380981721093
1.35,600,0,0,0,0,0,0,7.55555538667574,0,0,0,0,0,0,2.05380981721093
1.366667,600,0,0,0,0,0,0,7.61111094098953,0,0,0,0,0,0,2.05380981721093
1.383333,600,0,0,0,0,0,0,7.72222204961712,0,0,0,0,0,0,2.05380981721093
1.4,600,0,0,0,0,0,0,7.8333331582447,0,0,0,0,0,0,2.05380981721093
1.416667,600,0,0,0,0,0,0,7.88888871255849,0,0,0,0,0,0,2.05380981721093
1.433333,600,0,0,0,0,0,0,7.99999982118608,0,0,0,0,0,0,2.05380981721093
1.45,600,0,0,0,0,0,0,8.11111092981366,0,0,0,0,0,0,2.05380981721093
1.466667,600,0,0,0,0,0,0,8.16666648412745,0,0,0,0,0,0,2.05380981721093
1.483333,600,0,0,0,0,0,0,8.27777759275503,0,0,0,0,0,0,2.05380981721093
1.5,600,0,0,0,0,0,0,8.38888870138262,0,0,0,0,0,0,2.05380981721093
1.516667,600,0,0,0,0,0,0,8.44444425569641,0,0,0,0,0,0,2.05380981721093
1.533333,600,0,0,0,0,0,0,8.55555536432399,0,0,0,0,0,0,2.05380981721093
1.55,600,0,0,0,0,0,0,8.66666647295157,0,0,0,0,0,0,2.05380981721093
1.566667,600,0,0,0,0,0,0,8.72222202726537,0,0,0,0,0,0,2.05380981721093
1.583333,600,0,0,0,0,0,0,8.83333313589295,0,0,0,0,0,0,2.05380981721093
1.6,600,0,0,0,0,0,0,8.94444424452053,0,0,0,0,0,0,2.05380981721093
1.616667,600,0,0,0,0,0,0,8.99999979883432,0,0,0,0,0,0,2.05380981721093
1.633333,600,0,0,0,0,0,0,9.1111109074619,0,0,0,0,0,0,2.05380981721093
1.65,600,0,0,0,0,0,0,9.22222201608949,0,0,0,0,0,0,2.05380981721093
1.666667,600,0,0,0,0,0,0,9.27777757040328,0,0,0,0,0,0,2.05380981721093
1.683333,600,0,0,0,0,0,0,9.38888867903086,0,0,0,0,0,0,2.05380981721093
1.7,600,0,0,0,0,0,0,9.49999978765844,0,0,0,0,0,0,2.05380981721093
1.716667,600,0,0,0,0,0,0,9.55555534197224,0,0,0,0,0,0,2.05380981721093
1.733333,600,0,0,0,0,0,0,9.66666645059982,0,0,0,0,0,0,2.05380981721093
1.75,600,0,0,0,0,0,0,9.7777775592274,0,0,0,0,0,0,2.05380981721093
1.766667,600,0,0,0,0,0,0,9.83333311354119,0,0,0,0,0,0,2.05380981721093
1.783333,600,0,0,0,0,0,0,9.94444422216877,0,0,0,0,0,0,2.05380981721093
1.8,600,0,0,0,0,0,0,10.0555553307964,0,0,0,0,0,0,2.05380981721093
1.816667,600,0,0,0,0,0,0,10.1111108851101,0,0,0,0,0,0,2.05380981721093
1.833333,600,0,0,0,0,0,0,10.2222219937377,0,0,0,0,0,0,2.05380981721093
1.85,600,0,0,0,0,0,0,10.3333331023653,0,0,0,0,0,0,2.05380981721093
1.866667,600,0,0,0,0,0,0,10.3888886566791,0,0,0,0,0,0,2.05380981721093
1.883333,600,0,0,0,0,0,0,10.4999997653067,0,0,0,0,0,0,2.05380981721093
1.9,600,0,0,0,0,0,0,10.6111108739343,0,0,0,0,0,0,2.05380981721093
1.916667,600,0,0,0,0,0,0,10.6666664282481,0,0,0,0,0,0,2.05380981721093
1.933333,600,0,0,0,0,0,0,10.7777775368756,0,0,0,0,0,0,2.05380981721093
1.95,600,0,0,0,0,0,0,10.8888886455032,0,0,0,0,0,0,2.05380981721093
1.966667,600,0,0,0,0,0,0,10.944444199817,0,0,0,0,0,0,2.05380981721093
1.983333,600,0,0,0,0,0,0,11.0555553084446,0,0,0,0,0,0,2.05380981721093
2,600,0,0,0,0,0,0,11.1666664170722,0,0,0,0,0,0,2.05380981721093
2.016667,600,0,0,0,0,0,0,11.222221971386,0,0,0,0,0,0,2.05380981721093
2.033334,600,0,0,0,0,0,0,11.3333330800136,0,0,0,0,0,0,2.05380981721093
2.05,600,0,0,0,0,0,0,11.4444441886411,0,0,0,0,0,0,2.05380981721093
2.066667,600,0,0,0,0,0,0,11.4999997429549,0,0,0,0,0,0,2.05380981721093
2.083333,600,0,0,0,0,0,0,11.6111108515825,0,0,0,0,0,0,2.05380981721093
2.1,600,0,0,0,0,0,0,11.7222219602101,0,0,0,0,0,0,2.05380981721093
2.116667,600,0,0,0,0,0,0,11.7777775145239,0,0,0,0,0,0,2.05380981721093
2.133333,600,0,0,0,0,0,0,11.8888886231515,0,0,0,0,0,0,2.05380981721093
2.15,600,0,0,0,0,0,0,11.9999997317791,0,0,0,0,0,0,2.05380981721093
2.166667,600,0,0,0,0,0,0,12.0555552860928,0,0,0,0,0,0,2.05380981721093
2.183333,600,0,0,0,0,0,0,12.1666663947204,0,0,0,0,0,0,2.05380981721093
2.2,600,0,0,0,0,0,0,12.277777503348,0,0,0,0,0,0,2.05380981721093
2.216667,600,0,0,0,0,0,0,12.3333330576618,0,0,0,0,0,0,2.05380981721093
2.233333,600,0,0,0,0,0,0,12.4444441662894,0,0,0,0,0,0,2.05380981721093
2.25,600,0,0,0,0,0,0,12.555555274917,0,0,0,0,0,0,2.05380981721093
2.266667,600,0,0,0,0,0,0,12.6111108292308,0,0,0,0,0,0,2.05380981721093
2.283334,600,0,0,0,0,0,0,12.7222219378583,0,0,0,0,0,0,2.05380981721093
2.3,600,0,0,0,0,0,0,12.8333330464859,0,0,0,0,0,0,2.05380981721093
2.316667,600,0,0,0,0,0,0,12.8888886007997,0,0,0,0,0,0,2.05380981721093
2.333333,600,0,0,0,0,0,0,12.9999997094273,0,0,0,0,0,0,2.05380981721093
2.35,600,0,0,0,0,0,0,13.1111108180549,0,0,0,0,0,0,2.05380981721093
2.366667,600,0,0,0,0,0,0,13.1666663723687,0,0,0,0,0,0,2.05380981721093
2.383333,600,0,0,0,0,0,0,13.2777774809963,0,0,0,0,0,0,2.05380981721093
2.4,600,0,0,0,0,0,0,13.3888885896238,0,0,0,0,0,0,2.05380981721093
2.416667,600,0,0,0,0,0,0,13.4444441439376,0,0,0,0,0,0,2.05380981721093
2.433333,600,0,0,0,0,0,0,13.5555552525652,0,0,0,0,0,0,2.05380981721093
2.45,600,0,0,0,0,0,0,13.6666663611928,0,0,0,0,0,0,2.05380981721093
2.466667,600,0,0,0,0,0,0,13.7222219155066,0,0,0,0,0,0,2.05380981721093
2.483333,600,0,0,0,0,0,0,13.8333330241342,0,0,0,0,0,0,2.05380981721093
2.5,600,0,0,0,0,0,0,13.9444441327618,0,0,0,0,0,0,2.05380981721093
2.516667,600,0,0,0,0,0,0,13.9999996870755,0,0,0,0,0,0,2.05380981721093
2.533334,600,0,0,0,0,0,0,14.1111107957031,0,0,0,0,0,0,2.05380981721093
2.55,600,0,0,0,0,0,0,14.2222219043307,0,0,0,0,0,0,2.05380981721093
2.566667,600,0,0,0,0,0,0,14.2777774586445,0,0,0,0,0,0,2.05380981721093
2.583333,600,0,0,0,0,0,0,14.3888885672721,0,0,0,0,0,0,2.05380981721093
2.6,600,0,0,0,0,0,0,14.4999996758997,0,0,0,0,0,0,2.05380981721093
2.616667,600,0,0,0,0,0,0,14.5555552302135,0,0,0,0,0,0,2.05380981721093
2.633333,600,0,0,0,0,0,0,14.666666338841,0,0,0,0,0,0,2.05380981721093
2.65,600,0,0,0,0,0,0,14.7777774474686,0,0,0,0,0,0,2.05380981721093
2.666667,600,0,0,0,0,0,0,14.8333330017824,0,0,0,0,0,0,2.05380981721093
2.683333,600,0,0,0,0,0,0,14.94444411041,0,0,0,0,0,0,2.05380981721093
2.7,600,0,0,0,0,0,0,15.0555552190376,0,0,0,0,0,0,2.05380981721093
2.716667,600,0,0,0,0,0,0,15.1111107733514,0,0,0,0,0,0,2.05380981721093
2.733334,600,0,0,0,0,0,0,15.222221881979,0,0,0,0,0,0,2.05380981721093
2.75,600,0,0,0,0,0,0,15.3333329906065,0,0,0,0,0,0,2.05380981721093
2.766667,600,0,0,0,0,0,0,15.3888885449203,0,0,0,0,0,0,2.05380981721093
2.783334,600,0,0,0,0,0,0,15.4999996535479,0,0,0,0,0,0,2.05380981721093
2.8,600,0,0,0,0,0,0,15.6111107621755,0,0,0,0,0,0,2.05380981721093
2.816667,600,0,0,0,0,0,0,15.6666663164893,0,0,0,0,0,0,2.05380981721093
2.833333,600,0,0,0,0,0,0,15.7777774251169,0,0,0,0,0,0,2.05380981721093
2.85,600,0,0,0,0,0,0,15.8888885337444,0,0,0,0,0,0,2.05380981721093
2.866667,600,0,0,0,0,0,0,15.9444440880582,0,0,0,0,0,0,2.05380981721093
2.883333,600,0,0,0,0,0,0,16.0555551966858,0,0,0,0,0,0,2.05380981721093
2.9,600,0,0,0,0,0,0,16.1666663053134,0,0,0,0,0,0,2.05380981721093
2.916667,600,0,0,0,0,0,0,16.2222218596272,0,0,0,0,0,0,2.05380981721093
2.933333,600,0,0,0,0,0,0,16.3333329682548,0,0,0,0,0,0,2.05380981721093
2.95,600,0,0,0,0,0,0,16.4444440768824,0,0,0,0,0,0,2.05380981721093
2.966667,600,0,0,0,0,0,0,16.4999996311962,0,0,0,0,0,0,2.05380981721093
2.983334,600,0,0,0,0,0,0,16.6111107398237,0,0,0,0,0,0,2.05380981721093
3,600,0,0,0,0,0,0,16.7222218484513,0,0,0,0,0,0,2.05380981721093
3.016667,600,0,0,0,0,0,0,16.7777774027651,0,0,0,0,0,0,2.05380981721093
3.033334,600,0,0,0,0,0,0,16.8888885113927,0,0,0,0,0,0,2.05380981721093
3.05,600,0,0,0,0,0,0,16.9999996200203,0,0,0,0,0,0,2.05380981721093
3.066667,600,0,0,0,0,0,0,17.0555551743341,0,0,0,0,0,0,2.05380981721093
3.083333,600,0,0,0,0,0,0,17.1666662829616,0,0,0,0,0,0,2.05380981721093
3.1,600,0,0,0,0,0,0,17.2777773915892,0,0,0,0,0,0,2.05380981721093
3.116667,600,0,0,0,0,0,0,17.333332945903,0,0,0,0,0,0,2.05380981721093
3.133333,600,0,0,0,0,0,0,17.4444440545306,0,0,0,0,0,0,2.05380981721093
3.15,600,0,0,0,0,0,0,17.5555551631582,0,0,0,0,0,0,2.05380981721093
3.166667,600,0,0,0,0,0,0,17.611110717472,0,0,0,0,0,0,2.05380981721093
3.183333,600,7.08458786830306,0,0,0,0,0,17.7222218260996,0,0,0,0,0,0,2.05380981721093
3.2,600,10.3423465043306,0,0,0,0,0,17.8333329347271,0,0,0,0,0,0,2.05380981721093
3.216667,600,13.6247707530856,0,0,0,0,0,17.8888884890409,0,0,0,0,0,0,2.05380981721093
3.233334,600,13.6247707530856,0,0,0,0,0,17.9999995976685,0,0,0,0,0,0,2.05380981721093
3.25,600,16.9274568557739,0,0,0,0,0,18.1111107062961,0,0,0,0,0,0,2.05380981721093
3.266667,600,20.2469222247601,0,0,0,0,0,18.1666662606099,0,0,0,0,0,0,2.05380981721093
3.283334,600,23.5803987830877,0,0,0,0,0,18.2777773692375,0,0,0,0,0,0,2.05380981721093
3.3,600,26.9256647676229,0,0,0,0,0,18.3888884778651,0,0,0,0,0,0,2.05380981721093
3.316667,600,26.9256647676229,0,0,0,0,0,18.4444440321789,0,0,0,0,0,0,2.05380981721093
3.333333,600,30.2809130400419,0,0,0,0,0,18.5555551408064,0,0,0,0,0,0,2.05380981721093
3.35,600,30.2809130400419,0,0,0,0,0,18.666666249434,0,0,0,0,0,0,2.05380981721093
3.366667,600,33.6446728557348,0,0,0,0,0,18.7222218037478,0,0,0,0,0,0,2.05380981721093
3.383333,600,37.0157264173031,0,0,0,0,0,18.8333329123754,0,0,0,0,0,0,2.05380981721093
3.4,600,40.3930645436049,0,0,0,0,0,18.944444021003,0,0,0,0,0,0,2.05380981721093
3.416667,600,43.7758527696133,0,0,0,0,0,18.9999995753168,0,0,0,0,0,0,2.05380981721093
3.433333,600,47.1633844077587,0,0,0,0,0,19.1111106839443,0,0,0,0,0,0,2.05380981721093
3.45,600,50.5550675094128,0,0,0,0,0,19.2222217925719,0,0,0,0,0,0,2.05380981721093
3.466667,600,53.9503961801529,0,0,0,0,0,19.2777773468857,0,0,0,0,0,0,2.05380981721093
3.483334,600,57.34893232584,7.08458786830306,0,0.0371824015432969,0,0.000371824007122055,19.3888884544995,1.06133813154322E-05,0,0,0,0,0,2.05380981721093
3.5,600,60.7503108680248,10.3423465043306,0,0.123592830968126,0,0.00233429729332627,19.499999548218,6.63405186447893E-05,0,0,0,0,0,2.05380981721093
3.516667,600,60.7503108680248,10.3423465043306,0,0.172188119272715,0,0.00405617844756638,19.5555550811481,0.00011508443325809,0,0,0,0,0,2.05380981721093
3.533334,600,64.1542240977287,13.6247707530856,0,0.280003027119114,0,0.00904169001918557,19.6666660991803,0.00025591158507134,0,0,0,0,0,2.05380981721093
3.55,600,67.5603851675987,13.6247707530856,0,0.39456249306205,0,0.0163736261468963,19.7777770139852,0.000462848595863326,0,0,0,0,0,2.05380981721093
3.566667,600,74.3785329163074,16.9274568557739,0,0.465254796967567,0,0.0210261740125795,19.8333324128882,0.000594255754602422,0,0,0,0,0,2.05380981721093
3.583333,600,84.6175856888294,23.5803987830877,0,0.648571279608832,0,0.0330130579730199,19.9444430000965,0.000933491468807471,0,0,0,0,0,2.05380981721093
3.6,600,94.8675230145454,26.9256647676229,0,0.849659028060454,0,0.0489346155227199,20.0555531854378,0.00138540437961863,0,0,0,0,0,2.05380981721093
3.616667,600,105.125632882118,26.9256647676229,0,0.951892087131765,0,0.0584535361812731,20.111108079291,0.00165629931620163,0,0,0,0,0,2.05380981721093
3.633333,600,115.390053391457,30.2809130400419,0,1.16007660280951,0,0.0805485284290555,20.2222173914567,0.00228729881545691,0,0,0,0,0,2.05380981721093
3.65,600,122.235785424709,30.2809130400419,0,1.366349140778,0,0.106868426443924,20.3333259240673,0.00304329634410692,0,0,0,0,0,2.05380981721093
3.666667,600,132.507789134979,30.2809130400419,0,1.46242521684294,0,0.121492678285476,20.388879873502,0.00346557269937596,0,0,0,0,0,2.05380981721093
3.683334,600,142.864908277988,37.0157264173031,0,1.69371164251363,0,0.154147156136533,20.4999869252085,0.0044143200404127,0,0,0,0,0,2.05380981721093
3.7,600,153.135138750076,40.3930645436049,0,1.93881429537242,0,0.191636063183885,20.6110925926518,0.00551318459879532,0,0,0,0,0,2.05380981721093
3.716667,600,163.488951325417,40.3930645436049,0,2.0616304682985,0,0.21225236740606,20.6666448135724,0.00612176154793272,0,0,0,0,0,2.05380981721093
3.733334,600,173.758170008659,47.1633844077587,0,2.34304534796945,0,0.257648334386289,20.7777477101693,0.00747181035297469,0,0,0,0,0,2.05380981721093
3.75,600,180.60610294342,50.5550675094128,0,2.63392873108272,0,0.308815629328405,20.8888481728219,0.00900908760365081,0,0,0,0,0,2.05380981721093
3.766667,600,187.45524585247,50.5550675094128,0,2.77810506686412,0,0.336596679376092,20.9443973561022,0.00985042701717659,0,0,0,0,0,2.05380981721093
3.783334,600,190.880224108696,53.9503961801529,0,3.06468736507421,0,0.396400048069541,21.0554934286675,0.0116775928268724,0,0,0,0,0,2.05380981721093
3.8,600,197.730994224548,57.34893232584,0.0371824015432969,3.37736499238248,0.000371824007122055,0.462420760764462,21.1665857794518,0.0137184762198767,0,0,0,0,-0.000146345547222263,2.05380981721093
3.816667,600,204.58268225193,60.7503108680248,0.123592830968126,3.54085326049352,0.00197957629630022,0.497829292577955,21.2221303542117,0.0148229352945622,0,0,0,0,-0.000856478799862618,2.05380981721093
3.833333,600,208.073458075523,64.1542240977287,0.218548141186292,3.86348043058806,0.00957129325399826,0.573432309808561,21.3332159349822,0.0172038194888055,0,0,0,0,-0.00310155085938881,2.05380981721093
3.85,600,211.498165130615,67.5603851675987,0.338631136097181,4.19202997481084,0.0207431463195049,0.655577342600087,21.4442961128035,0.0198246265896719,0,0,0,0,-0.0077841888957509,2.05380981721093
3.866667,600,218.348371982574,67.5603851675987,0.39456249306205,4.35378727105692,0.0280750824472156,0.699115214337509,21.4998339460379,0.0212277284197004,0,0,0,0,-0.0107707574488494,2.05380981721093
3.883333,600,218.348371982574,84.6175856888294,0.55011714322799,4.77898298733693,0.0468269743303299,0.792343923637661,21.6109036603727,0.0242592139356543,0,0,0,0,-0.021333956943885,2.05380981721093
3.9,600,221.77383005619,94.8675230145454,0.742496762496996,5.2710239428558,0.0727245384009007,0.89508680103518,21.7219634364245,0.0276349296497711,0,0,0,0,-0.0395572560739317,2.05380981721093
3.916667,600,221.77383005619,94.8675230145454,0.849659028060454,5.52646754697585,0.0886460959506007,0.950351475269677,21.7774888840674,0.0294636666910524,0,0,0,0,-0.0522670525433679,2.05380981721093
3.933334,600,221.77383005619,115.390053391457,1.04942267135489,6.16171701133085,0.126674753837383,1.07020863787922,21.8885283152025,0.0334522847229405,0,0,0,0,-0.0822041242528377,2.05380981721093
3.95,600,225.199475884438,122.235785424709,1.2656407195384,6.82719275927017,0.173026918766454,1.20331956562293,21.9995497718075,0.0379131767212559,0,0,0,0,-0.123011309617248,2.05380981721093
3.966667,600,225.199475884438,122.235785424709,1.366349140778,7.15469457898095,0.199346816781323,1.27486650981355,22.0550529732604,0.0403244509882781,0,0,0,0,-0.14599703105583,2.05380981721093
3.983334,600,225.199475884438,142.864908277988,1.5717362155805,7.92489842022487,0.257976173371298,1.42932592236597,22.1660407985326,0.0455551562182379,0,0,0,0,-0.199977097409005,2.05380981721093
4,600,225.199475884438,153.135138750076,1.81007649315707,8.73163603023238,0.325668531795904,1.59974405176332,22.2769999112095,0.0513629543638928,0,0,0,0,-0.272030019717485,2.05380981721093
4.016667,600,225.199475884438,153.135138750076,1.93881429537242,9.13370868161951,0.363157438843257,1.69108113653797,22.3324673089977,0.0544914360597297,0,0,0,0,-0.315538158173359,2.05380981721093
4.033334,600,225.199475884438,163.488951325417,2.0616304682985,9.93756199546209,0.422550028106162,1.88562962172431,22.4433758474512,0.0611958878603325,0,0,0,0,-0.40531050257906,2.05380981721093
4.05,600,225.199475884438,173.758170008659,2.34304534796945,10.8263201705376,0.510527813332812,2.0978168372147,22.5542424088614,0.0685617924775057,0,0,0,0,-0.52012264522046,2.05380981721093
4.066667,600,225.199475884438,180.60610294342,2.63392873108272,11.2762196427118,0.560297553010893,2.21057903112138,22.6096582332067,0.0724995618014911,0,0,0,0,-0.594099557352985,2.05380981721093
4.083333,600,225.199475884438,190.880224108696,2.91564963794167,12.2031030263402,0.696183443776101,2.45002377128277,22.7204502249017,0.0809126714315336,0,0,0,0,-0.754015194602755,2.05380981721093
4.1,600,225.199475884438,197.730994224548,3.2247064246774,13.0997825788907,0.818880748961277,2.70745755120836,22.8311854539213,0.0900424897646187,0,0,0,0,-0.948612172494056,2.05380981721093
4.116667,600,225.199475884438,197.730994224548,3.37736499238248,13.5349856826957,0.884529637649076,2.84280740501001,22.8865300413351,0.0948794577308472,0,0,0,0,-1.05213226082631,2.05380981721093
4.133334,600,225.199475884438,208.073458075523,3.69682146145849,14.4348446577564,1.02313075479697,3.12701715075387,22.9971682293766,0.105118281267511,0,0,0,0,-1.26245351114585,2.05380981721093
4.15,600,225.199475884438,211.498165130615,4.02247348795019,15.2892770037005,1.17260779787869,3.42853910399039,23.1077341971185,0.116109598633917,0,0,0,0,-1.48535520669414,2.05380981721093
4.166667,600,225.199475884438,211.498165130615,4.19202997481084,15.6960235704297,1.25136651938494,3.58549933618636,23.1629885632275,0.121886677567877,0,0,0,0,-1.60290814617312,2.05380981721093
4.183333,600,225.199475884438,218.348371982574,4.54388815106068,16.5245000548619,1.41720326945775,3.91194446004922,23.2734347103224,0.134022968794087,0,0,0,0,-1.8497812372671,2.05380981721093
4.2,600,225.199475884438,221.77383005619,5.00326402654432,17.2964915658173,1.59626756274978,4.25401318425866,23.3837938645746,0.14692635839692,0,0,0,0,-2.16300167779917,2.05380981721093
4.216667,600,225.199475884438,221.77383005619,5.2710239428558,17.6648413829935,1.69158547268829,4.43066159414019,23.4389389725022,0.153667032455972,0,0,0,0,-2.3493253594044,2.05380981721093
4.233334,600,225.199475884438,221.77383005619,5.82399951752514,18.3514907469189,1.89504954253191,4.79433897342512,23.5491577514229,0.167719176228489,0,0,0,0,-2.75876814554635,2.05380981721093
4.25,600,225.199475884438,225.199475884438,6.48390031262742,18.9944034608645,2.11926788330674,5.17099613100505,23.6592770265841,0.182530854151546,0,0,0,0,-3.2949877613758,2.05380981721093
4.266667,600,225.199475884438,225.199475884438,6.82719275927017,19.3026324049291,2.23972240413796,5.36402245073986,23.7142971609807,0.190225295397528,0,0,0,0,-3.60026866703959,2.05380981721093
4.283334,600,225.199475884438,225.199475884438,7.15469457898095,19.8772090668856,2.42149330244712,5.75876136817415,23.8242554268351,0.206188406851284,0,0,0,0,-4.2204710106406,2.05380981721093
4.3,600,228.625330328941,225.199475884438,7.92489842022487,20.4001431167299,2.69236847566564,6.16421110104102,23.9341001084731,0.222915245381166,0,0,0,0,-5.02352384013122,2.05380981721093
4.316667,600,225.199475884438,225.199475884438,8.73163603023238,20.6437114174092,2.8408330519202,6.37064821060089,23.9889781822576,0.231564906230912,0,0,0,0,-5.53990828271973,2.05380981721093
4.333333,600,225.199475884438,225.199475884438,9.51728695802201,21.0977526872434,3.25032193327906,6.7903864897118,24.098642265855,0.249437501824348,0,0,0,0,-6.64150985742664,2.05380981721093
4.35,600,228.625330328941,225.199475884438,10.3924018527763,21.5109849950477,3.60558823415726,7.21858865634541,24.2081786533279,0.268076716296257,0,0,0,0,-8.01456870492438,2.05380981721093
4.366667,600,228.625330328941,225.199475884438,10.8263201705376,21.7034572408838,3.79434499669166,7.43562322390315,24.2628970333059,0.277684968358991,0,0,0,0,-8.76651813057492,2.05380981721093
4.383334,600,228.625330328941,225.199475884438,11.7413715249997,22.0622491799971,4.19142595964635,7.87511646814273,24.3722301457,0.297481690078793,0,0,0,0,-10.4436006468124,2.05380981721093
4.4,600,228.625330328941,225.199475884438,12.6435959890768,22.3887931108506,4.6195343157148,8.32129803526938,24.4814194935133,0.318056560778723,0,0,0,0,-12.330253225605,2.05380981721093
4.416667,600,228.625330328941,225.199475884438,12.6435959890768,22.5408882944762,4.84175935687847,8.54670691317586,24.535958104495,0.328637653694353,0,0,0,0,-13.2876123417455,2.05380981721093
4.433333,600,228.625330328941,225.199475884438,13.5349856826957,22.8244124235046,5.31125944280646,9.00181090189296,24.6449187589778,0.350391127349341,0,0,0,0,-15.4161737938345,2.05380981721093
4.45,600,228.625330328941,225.199475884438,14.4348446577564,23.082453570732,5.81022964767601,9.46220012897384,24.753717895099,0.372938521939147,0,0,0,0,-17.8283801723215,2.05380981721093
4.466667,600,228.625330328941,225.199475884438,15.2892770037005,23.2026420414469,5.92289768031518,9.69422654420212,24.8080545561971,0.384512063999338,0,0,0,0,-19.1215996496441,2.05380981721093
4.483334,600,228.625330328941,225.199475884438,16.1200130610865,23.4266881332849,6.45474992146122,10.1616664364025,24.9165972765352,0.408263139857001,0,0,0,0,-21.8255457602521,2.05380981721093
4.5,600,228.625330328941,225.199475884438,16.9103816197093,23.6305970942887,7.01188651954743,10.6332828232239,25.0249593391406,0.432825270409884,0,0,0,0,-24.6896778234172,2.05380981721093
4.516667,600,228.625330328941,225.199475884438,16.9103816197093,23.7255722811976,7.46754931243201,10.8705385407328,25.0790701371597,0.445412611386185,0,0,0,0,-26.143083253297,2.05380981721093
4.533334,600,228.625330328941,225.199475884438,17.6648413829935,23.902617710946,8.06503897736793,11.3477264955555,25.1871462057075,0.47120402391148,0,0,0,0,-29.1770472983005,2.05380981721093
4.55,600,228.625330328941,225.199475884438,18.3514907469189,24.0637504016987,8.67926617564051,11.8282147948697,25.2950213841492,0.497823162849047,0,0,0,0,-32.2418458423381,2.05380981721093
4.566667,600,228.625330328941,225.199475884438,18.9944034608645,24.1388015781944,8.80437120432656,12.0696028052562,25.3488810387194,0.511445101943399,0,0,0,0,-33.8070451140385,2.05380981721093
4.583333,600,228.625330328941,225.199475884438,19.5966835588531,24.2787062020049,9.62650398045105,12.5544938622488,25.4564392118965,0.539317503744271,0,0,0,0,-36.9654589906689,2.05380981721093
4.6,600,228.625330328941,228.625330328941,20.1448310762086,24.424016366089,10.2747059160585,13.0421727142957,25.5637741019414,0.568037700020728,0,0,0,0,-40.1222411496901,2.05380981721093
4.616667,600,232.051393389702,228.625330328941,20.4001431167299,24.5004762601547,10.6009066664945,13.287177471421,25.6173536613158,0.582722741129275,0,0,0,0,-41.6679461255342,2.05380981721093
4.633334,600,228.625330328941,225.199475884438,20.8760761620357,24.6078737764755,11.2478896260506,13.7788105891717,25.7243358377352,0.612730131960158,0,0,0,0,-44.6273728016749,2.05380981721093
4.65,600,228.625330328941,228.625330328941,21.3092326254204,24.7235985527535,11.8971492636231,14.272625529525,25.8310733304861,0.643596523036123,0,0,0,0,-47.4800196476832,2.05380981721093
4.666667,600,228.625330328941,228.625330328941,21.3092326254204,24.7862783867237,12.2239582888722,14.5204883078521,25.8843459834874,0.659358631312508,0,0,0,0,-48.8838249634542,2.05380981721093
4.683333,600,228.625330328941,228.625330328941,21.7034572408838,24.9031213064691,12.8736454381168,15.0179802607877,25.9906937281654,0.69154221151821,0,0,0,0,-51.5643095371977,2.05380981721093
4.7,600,232.051393389702,228.625330328941,22.0622491799971,25.0094624533755,13.5195562308425,15.5176503094082,26.0967708230348,0.724606921194018,0,0,0,0,-54.1021228235279,2.05380981721093
4.716667,600,228.625330328941,228.625330328941,22.3887931108506,25.0589932354158,13.617008199882,15.7682402361612,26.149705144399,0.741470409469728,0,0,0,0,-55.2972884438696,2.05380981721093
4.733334,600,228.625330328941,228.625330328941,22.6859874654419,25.1513247051133,14.2521517518302,16.2708159291849,26.255359830897,0.775860982096582,0,0,0,0,-57.6115828805494,2.05380981721093
4.75,600,232.051393389702,228.625330328941,22.9564701664065,25.2353574766717,14.8811467682842,16.7751127943272,26.3607218595853,0.81113798086566,0,0,0,0,-59.7693860745074,2.05380981721093
4.766667,600,232.051393389702,228.625330328941,22.9564701664065,25.2744976309148,15.4241718371323,17.0278577649871,26.4132903467733,0.829109451865035,0,0,0,0,-60.8080604521273,2.05380981721093
4.783334,600,232.051393389702,228.625330328941,23.2026420414469,25.3474596924165,16.0452900801259,17.53445072491,26.518196682995,0.865719335463099,0,0,0,0,-62.7299568773989,2.05380981721093
4.8,600,232.051393389702,228.625330328941,23.4266881332849,25.4138639667846,16.6588634705039,18.0424037873676,26.6227880329323,0.903219628499689,0,0,0,0,-64.4968841471563,2.05380981721093
4.816667,600,232.051393389702,228.625330328941,23.6305970942887,25.4447932517881,16.7260656237476,18.2968517141981,26.6749627815092,0.922304052149697,0,0,0,0,-65.3054710716805,2.05380981721093
4.833333,600,232.051393389702,228.625330328941,23.8161788379227,25.5024492431421,17.5646030063439,18.806619193876,26.7790648033702,0.96114205920192,0,0,0,0,-66.8619186227048,2.05380981721093
4.85,600,232.051393389702,228.625330328941,23.9850806036945,25.5549231479363,18.1605046203604,19.3174614521219,26.8828293544701,1.00087289396869,0,0,0,0,-68.2786067751122,2.05380981721093
4.866667,600,232.051393389702,228.625330328941,24.0637504016987,25.5793640498523,18.4574780163073,19.573255086903,26.9345822638092,1.02107328975833,0,0,0,0,-68.9583447289375,2.05380981721093
4.883334,600,232.051393389702,228.625330328941,24.2104005810685,25.6249248971007,19.04002518602,20.0855311317144,27.0378237220541,1.06214422785419,0,0,0,0,-70.1430905414899,2.05380981721093
4.9,600,232.051393389702,228.625330328941,24.3438699286523,25.6663907622209,19.6164030760169,20.5986564867364,27.1407052018859,1.10410875290683,0,0,0,0,-71.2125610286112,2.05380981721093
4.916667,600,232.051393389702,228.625330328941,24.3438699286523,25.6857044219578,19.9045083774814,20.8555135252148,27.1920081413501,1.12542607022033,0,0,0,0,-71.7335572725201,2.05380981721093
4.933333,600,232.051393389702,232.051393389702,24.5004762601547,25.7568427288896,20.4757599538439,21.3703030497991,27.2943269071287,1.16874451296044,0,0,0,0,-72.6974992983162,2.05380981721093
4.95,600,232.051393389702,228.625330328941,24.6078737764755,25.7864518969513,21.0420290222151,21.8858875154013,27.3962618329789,1.21295865621582,0,0,0,0,-73.551810910971,2.05380981721093
4.966667,600,232.051393389702,228.625330328941,24.7235985527535,25.800243033236,21.0761726807253,22.1438899399669,27.4470833195255,1.2353996036181,0,0,0,0,-73.985483422389,2.05380981721093
4.983334,600,232.051393389702,228.625330328941,24.8460750990753,25.8259514074936,21.6355574574682,22.6602834406037,27.5484287096725,1.28094881787381,0,0,0,0,-74.8183126170667,2.05380981721093
5,600,232.051393389702,232.051393389702,24.9575435255181,25.8673303085964,22.1922601019201,23.1773359887456,27.6493676926144,1.32739166311674,0,0,0,0,-75.5432198314849,2.05380981721093
5.016667,600,232.051393389702,232.051393389702,24.9575435255181,25.8953824128454,22.7198196819033,23.4362898070859,27.6996796393517,1.35095280974868,0,0,0,0,-75.8689703626434,2.05380981721093
5.033334,600,232.051393389702,228.625330328941,25.0589932354158,25.9125397156741,23.2739082288977,23.9544568227345,27.7999897414668,1.39873881056452,0,0,0,0,-76.5472763313967,2.05380981721093
5.05,600,232.051393389702,228.625330328941,25.1513247051133,25.9281549302254,23.8257906656127,24.472943671603,27.8998739810018,1.44740868657397,0,0,0,0,-77.1735413627231,2.05380981721093
5.066667,600,232.051393389702,232.051393389702,25.2353574766717,25.9534092481618,23.848579538206,24.7324777582836,27.9496513358523,1.47207920661717,0,0,0,0,-77.4192974959241,2.05380981721093
5.083333,600,232.051393389702,232.051393389702,25.3118374321942,26.0004864029174,24.6498936015712,25.2522576299769,28.0488690176167,1.52209387480641,0,0,0,0,-77.89375929558,2.05380981721093
5.1,600,232.051393389702,232.051393389702,25.3814434143396,26.0433322907188,25.197482289898,25.7729150777172,28.1476304521908,1.57300354383689,0,0,0,0,-78.3257099471096,2.05380981721093
5.116667,600,232.051393389702,232.051393389702,25.4138639667846,26.0632887270724,25.471168476259,26.0335479591623,28.1968374883279,1.59879282862187,0,0,0,0,-78.5335196205237,2.05380981721093
5.133334,600,232.051393389702,232.051393389702,25.474299864066,26.1004899789517,26.0153842736842,26.5553761194415,28.2948990036931,1.65103796676961,0,0,0,0,-78.8959248315799,2.05380981721093
5.15,600,232.051393389702,232.051393389702,25.5293038184795,26.1343476042132,26.5582813177491,27.0778977567955,28.3924835003596,1.70416875992586,0,0,0,0,-79.2258904747232,2.05380981721093
5.166667,600,232.051393389702,232.051393389702,25.5549231479363,26.1501175550367,26.8292727753192,27.3393989265008,28.4410942595901,1.73106511101945,0,0,0,0,-79.3796301221624,2.05380981721093
5.183333,600,232.051393389702,232.051393389702,25.5793640498523,26.1795146829763,27.3709279081532,27.8628456828911,28.5379475813491,1.78551737536705,0,0,0,0,-79.6730342762772,2.05380981721093
5.2,600,232.051393389702,232.051393389702,25.6249248971007,26.2062696143635,27.9114944386529,28.3868404378906,28.6343030158481,1.84084589575837,0,0,0,0,-79.9402006368546,2.05380981721093
5.216667,600,232.051393389702,232.051393389702,25.6663907622209,26.2187313256915,27.924719646693,28.6490277452872,28.6822914173221,1.86883755414234,0,0,0,0,-80.0618440390929,2.05380981721093
5.233334,600,232.051393389702,232.051393389702,25.7221108801844,26.241961488319,28.4632865556823,29.1737535467245,28.777884378738,1.9254732363139,0,0,0,0,-80.3409774465838,2.05380981721093
5.25,600,232.051393389702,232.051393389702,25.7719958156955,26.2631037376055,29.0012222632725,29.6989123869552,28.8729586171621,1.98297544364432,0,0,0,0,-80.5994894820286,2.05380981721093
5.266667,600,232.051393389702,232.051393389702,25.7719958156955,26.2729512159497,29.5281518573327,29.9616418932422,28.9202986199646,2.0120502394264,0,0,0,0,-80.7005115122209,2.05380981721093
5.283334,600,232.051393389702,232.051393389702,25.800243033236,26.2913081267611,30.0655516842324,30.4873784200985,29.0145792163387,2.07084465792384,0,0,0,0,-80.8798932773963,2.05380981721093
5.3,600,232.051393389702,232.051393389702,25.8259514074936,26.3080151292358,30.6015427105996,31.0134571423424,29.1083203872747,2.13049536844162,0,0,0,0,-81.0342269679376,2.05380981721093
5.316667,600,232.051393389702,232.051393389702,25.8673303085964,26.3157967915763,30.610640578227,31.2766151043761,29.1549861162122,2.16064050665389,0,0,0,0,-81.1515143490387,2.05380981721093
5.333333,600,232.051393389702,232.051393389702,25.9041630073753,26.3303027672743,31.4044770309036,31.8031503254415,29.2479027373265,2.22156764150103,0,0,0,0,-81.3320700937885,2.05380981721093
5.35,600,232.051393389702,232.051393389702,25.920531115537,26.3435049544166,31.9388715750962,32.3299559557293,29.3402594406213,2.2833402365383,0,0,0,0,-81.4426138136006,2.05380981721093
5.366667,600,232.051393389702,232.051393389702,25.9281549302254,26.3496541701513,32.2058451825354,32.5934524915412,29.3862252823827,2.31454217568127,0,0,0,0,-81.4934099470899,2.05380981721093
5.383334,600,232.051393389702,232.051393389702,25.9775019282094,26.3611170645956,32.738871373093,33.1206188557716,29.4777268896192,2.37757446797954,0,0,0,0,-81.6766088545764,2.05380981721093
5.4,600,232.051393389702,232.051393389702,26.0224136470661,26.3715496808356,33.2722872737353,33.6479989024483,29.568648354792,2.44144074296188,0,0,0,0,-81.8524010500155,2.05380981721093
5.416667,600,232.051393389702,232.051393389702,26.0433322907188,26.3764089066022,33.5391302930053,33.9117629856187,29.6138890306941,2.47368513563775,0,0,0,0,-81.9377300681265,2.05380981721093
5.433333,600,232.051393389702,232.051393389702,26.0632887270724,26.3854671010853,34.0731849864519,34.439428091032,29.7039252906486,2.53879339682676,0,0,0,0,-82.1051744205245,2.05380981721093
5.45,600,232.051393389702,232.051393389702,26.1004899789517,26.393711150381,34.607536948749,34.9672620523278,29.7933614959638,2.60472350285113,0,0,0,0,-82.2666280710114,2.05380981721093
5.466667,600,232.051393389702,232.051393389702,26.1343476042132,26.3975510018465,34.613587386471,35.2312375564459,29.8378521164942,2.63799517698894,0,0,0,0,-82.3446287656797,2.05380981721093
5.483334,600,232.051393389702,232.051393389702,26.1651621260488,26.4047089572558,35.1480174421781,35.7592967765092,29.9263735009261,2.70514856921287,0,0,0,0,-82.4981490474526,2.05380981721093
5.5,600,232.051393389702,232.051393389702,26.1932070568029,26.4112235598469,35.6827110293966,36.2874894296622,30.0142752622197,2.77311101384415,0,0,0,0,-82.6469301145847,2.05380981721093
5.516667,600,232.051393389702,232.051393389702,26.1932070568029,26.4142578825941,36.2121210565582,36.5516320025841,30.0579913676496,2.80739397960197,0,0,0,0,-82.7201915946124,2.05380981721093
5.533334,600,232.051393389702,232.051393389702,26.2187313256915,26.4199142333975,36.7474178652634,37.080002659446,30.1449492277935,2.87656004049892,0,0,0,0,-82.8626042551837,2.05380981721093
5.55,600,232.051393389702,232.051393389702,26.241961488319,26.4250621947207,37.282540678631,37.6084787576415,30.2312682644112,2.94652172485223,0,0,0,0,-82.9966398721568,2.05380981721093
5.566667,600,225.199475884438,232.051393389702,26.2631037376055,26.4274599735454,37.2874517577403,37.8727533514699,30.2741858549198,2.98179919698461,0,0,0,0,-83.0599522471772,2.05380981721093
5.583333,600,214.923164248466,232.051393389702,26.2823457339731,26.4319297281864,38.0851706850482,38.4013701115394,30.3595324765883,3.05294389071306,0,0,0,0,-83.1866855788545,2.05380981721093
5.6,600,201.224794983864,232.051393389702,26.2998582710353,26.4359977439117,38.6205569312594,38.930070193331,30.4442214602922,3.12487016729724,0,0,0,0,-83.3110872911957,2.05380981721093
5.616667,600,190.954053401947,232.051393389702,26.3080151292358,26.4378925137735,38.888376145201,39.1944491125594,30.4863170183279,3.16112459611327,0,0,0,0,-83.3732337111027,2.05380981721093
5.633334,600,187.531119585037,232.051393389702,26.3232205161638,26.4414245978406,39.4233772983139,39.7232603480058,30.5700056628743,3.23421237844608,0,0,0,0,-83.48620465318,2.05380981721093
5.65,600,177.264654636383,232.051393389702,26.3370592518665,26.4446392202712,39.95841911215,40.2521374258419,30.6530182543082,3.30806711947049,0,0,0,0,-83.5958694701499,2.05380981721093
5.666667,600,167.002038657665,232.051393389702,26.3435049544166,26.4461365030031,40.2260194370762,40.5165987849607,30.6942687613138,3.34528022585655,0,0,0,0,-83.650398173753,2.05380981721093
5.683333,600,156.744106113911,232.051393389702,26.3496541701513,26.4489276221716,40.7613810011541,41.0455636985025,30.7762536963922,3.42027411539397,0,0,0,0,-83.7590753779211,2.05380981721093
5.7,600,143.075788021088,232.051393389702,26.3611170645956,26.4514678771925,41.2962196679407,41.5745806419373,30.8575445726493,3.49601978489442,0,0,0,0,-83.8579847389589,2.05380981721093
5.716667,600,129.420518875122,232.051393389702,26.3715496808356,26.4526510581289,41.2997110282004,41.8391071466059,30.8979275217845,3.53417259651116,0,0,0,0,-83.9029944619077,2.05380981721093
5.733334,600,115.782575309277,232.051393389702,26.3810446196699,26.454856652918,41.8337599939917,42.368193499465,30.978164044919,3.6110342469953,0,0,0,0,-83.9889684604048,2.05380981721093
5.75,600,92.2078430652618,232.051393389702,26.3896861589916,26.4568640101459,42.3674040380529,42.8973209673227,31.0576889209065,3.68863197265823,0,0,0,0,-84.0672151665316,2.05380981721093
5.766667,600,65.2827441692352,232.051393389702,26.3896861589916,26.457798981944,42.8980475205933,43.1618989512284,31.0971823270051,3.72770485954729,0,0,0,0,-84.1044975971101,2.05380981721093
5.783334,600,49.1706378757954,232.051393389702,26.3975510018465,26.4595418843713,43.4312241981508,43.6910812677168,31.1756267842367,3.80639463026793,0,0,0,0,-84.172360612444,2.05380981721093
5.8,600,36.9316905736923,232.051393389702,26.4047089572558,26.4611281357545,43.9640743547311,44.2202960740494,31.2533424298511,3.88580427254999,0,0,0,0,-84.234124139912,2.05380981721093
5.816667,600,24.6341247111559,232.051393389702,26.4112235598469,26.4618669680298,43.9662545197128,44.4849147378151,31.2919248375321,3.92577698114793,0,0,0,0,-84.2622302689023,2.05380981721093
5.833333,600,15.9194687381387,232.051393389702,26.4171526337925,26.4632442422626,44.7627844670329,45.0141728865658,31.3685346388201,4.00625400378166,0,0,0,0,-84.3163075416702,2.05380981721093
5.85,600,7.90949631482363,232.051393389702,26.4225488060623,26.4644977278982,45.294972826064,45.5434567094017,31.444398893414,4.08743422106962,0,0,0,0,-84.365524380998,2.05380981721093
5.866667,600,1.01769879693165,232.051393389702,26.4250621947207,26.4650815670386,45.5610293152418,45.8081075191566,31.4820493840171,4.12828590613221,0,0,0,0,-84.3891292549432,2.05380981721093
5.883334,600,0,214.923164248466,26.4297474603108,26.3419678278342,46.0927660498422,46.3358239584906,31.5568168213485,4.21047748313731,0,0,0,0,-84.7805101514341,2.05380981721093
5.9,600,0,201.224794983864,26.434011616988,26.1065727661649,46.6243056846907,46.8594726023944,31.630909041654,4.29327830369889,0,0,0,0,-85.5185475545616,2.05380981721093
5.916667,600,0,201.224794983864,26.4359977439117,25.961831494091,46.8900071896505,47.1190909115324,31.6677146043099,4.33489284650177,0,0,0,0,-85.9865067237841,2.05380981721093
5.933334,600,0,187.531119585037,26.4397001287785,25.5687217717902,47.4212838875698,47.6324765529641,31.7408723009632,4.41852053356692,0,0,0,0,-87.2707656344194,2.05380981721093
5.95,600,0,187.531119585037,26.4414245978406,25.1938060984969,47.9524592045968,48.1381831140593,31.8134192660229,4.50267856593577,0,0,0,0,-88.6033727231418,2.05380981721093
5.966667,600,0,177.264654636383,26.4446392202712,24.9652986791023,47.9535350042568,48.3878360952702,31.8494696947827,4.54494895984627,0,0,0,0,-89.4188647417651,2.05380981721093
5.983334,600,0,156.744106113911,26.4475649143302,24.4316337096216,48.4844669891728,48.8796254418885,31.9211473783606,4.62984866847998,0,0,0,0,-91.3493796803679,2.05380981721093
6,600,0,143.075788021088,26.4502276487297,23.771452968716,49.0152742047648,49.3586448143922,31.9923198313566,4.71517238690337,0,0,0,0,-93.7789440066481,2.05380981721093
6.016667,600,-0.193750759353861,143.075788021088,26.4502276487297,23.4289352112647,49.5451568514714,49.592934161268,32.0277260004114,4.75798386676544,0,0,0,0,-95.0934854129488,2.05380981721093
6.033334,600,-2.25961850956082,129.420518875122,26.4526510581289,22.6504012408112,50.0758200565092,50.0497432115239,32.0982083575997,4.84387853831184,0,0,0,0,-98.1216574493256,2.05380981721093
6.05,600,-7.61653911322355,115.782575309277,26.454856652918,21.8019803810938,50.6063826500002,50.4899250536488,32.168273850916,4.93011360731363,0,0,0,0,-101.548791886968,2.05380981721093
6.066667,600,-14.4214423373342,92.2078430652618,26.4568640101459,21.2830808127117,50.6070544284968,50.7027558570188,32.2031743939057,4.9733382728894,0,0,0,0,-103.607689684496,2.05380981721093
6.083333,600,-20.1306160539389,49.1706378757954,26.458690947288,19.955101518526,51.4020524079152,51.1087742332836,32.2728284048608,5.05990613377003,0,0,0,0,-108.751339386208,2.05380981721093
6.1,600,-23.0756282806396,36.9316905736923,26.4603536803953,18.6015735980222,51.932411080434,51.4877427567038,32.3423111245295,5.14661154176304,0,0,0,0,-114.310772896292,2.05380981721093
6.116667,600,-29.1045103222132,36.9316905736923,26.4611281357545,17.9397764123104,52.197578803096,51.6671405168171,32.3769899059656,5.19001432661864,0,0,0,0,-117.180312339745,2.05380981721093
6.133334,600,-32.1759805083275,15.9194687381387,26.4625718157973,16.5342523883314,52.7277983156964,52.0049218168243,32.4462488180997,5.27689861810898,0,0,0,0,-123.408129665323,2.05380981721093
6.15,600,-38.4094968438148,7.90949631482363,26.4638857387277,15.1693831396307,53.257957095565,52.3151883162623,32.5153772582967,5.36388675346898,0,0,0,0,-129.881628970871,2.05380981721093
6.166667,600,-39.8364763706923,7.90949631482363,26.4644977278982,14.5131398077131,53.5230154362461,52.4603197110955,32.549890842392,5.40742101730808,0,0,0,0,-133.17725918649,2.05380981721093
6.183334,600,-45.4194203019142,0,26.4296772850971,13.2138029019328,54.0527335841941,52.7309668492717,32.6188203610308,5.49456686046061,0,0,0,0,-139.880767798987,2.05380981721093
6.2,600,-49.8501010239124,0,26.3419678278342,12.0261540763304,54.5786944309177,52.9772883820039,32.687596921944,5.5818334652521,0,0,0,0,-146.171322189593,2.05380981721093
6.216667,600,-53.0059225857258,0,26.1065727661649,11.472979911554,54.5754200424827,53.092018178555,32.7219197493004,5.62551828111964,0,0,0,0,-149.089816431361,2.05380981721093
6.233334,600,-55.5952936410904,0,25.7698435188848,10.4417952314704,55.0891138081519,53.3058886303691,32.7904217958497,5.71300053163126,0,0,0,0,-154.742119542837,2.05380981721093
6.25,600,-58.8017880916595,0,25.3768511413669,9.50329282335412,55.5891043225924,53.5005365318839,32.8587194250457,5.80064246130307,0,0,0,0,-160.119789079053,2.05380981721093
6.266667,600,-59.3706324696541,0,25.3768511413669,9.06616420876809,56.0879143060099,53.5911981719452,32.8927878508509,5.84452596592919,0,0,0,0,-162.76364974556,2.05380981721093
6.283334,600,-62.5762820243835,0,24.9652986791023,8.25130270711155,56.5599185324124,53.7602026198304,32.9607587351448,5.93242154239702,0,0,0,0,-167.680833022591,2.05380981721093
6.3,600,-63.1160087883472,0,24.4316337096216,7.50968047749906,57.0113892558377,53.9140170474359,33.0285039936831,6.02049113567532,0,0,0,0,-171.935849134948,2.05380981721093
6.316667,600,-63.1160087883472,0,23.771452968716,7.16425323621214,56.9846015096364,53.9856595781967,33.0622911042609,6.0645915979622,0,0,0,0,-173.82535985155,2.05380981721093
6.333333,600,-66.3218200206757,-2.25961850956082,23.0305048058226,6.50750500447371,57.6334758435584,54.1190716047129,33.1296970503778,6.1529211638151,0,0,0,0,-177.379599161786,2.05380981721093
6.35,600,-66.3218200206757,-7.61653911322355,22.2162048152836,5.8713262451233,58.0098758790621,54.2397480260107,33.196892119648,6.24141126229609,0,0,0,0,-180.582345445097,2.05380981721093
6.366667,600,-69.5407062768936,-7.61653911322355,21.8019803810938,5.56128509008598,58.185509160571,54.2953608756685,33.2304179824504,6.28571065437396,0,0,0,0,-182.096669792248,2.05380981721093
6.383334,600,-72.270642966032,-20.1306160539389,20.6467370154776,4.8835802432917,58.506511313695,54.3964945814818,33.2973577083366,6.37439407931132,0,0,0,0,-184.443614494079,2.05380981721093
6.400001,600,-75.5243629217148,-23.0756282806396,19.2952795910604,4.22274516672651,58.7758511757941,54.4842549788337,33.3641678675634,6.4631751565303,0,0,0,0,-186.150929221349,2.05380981721093
6.416667,600,-75.5243629217148,-23.0756282806396,18.6015735980222,3.90740005536469,58.8902161683248,54.5233289785139,33.3975276260884,6.50759976824796,0,0,0,0,-186.871805230796,2.05380981721093
6.433334,600,-75.5243629217148,-32.1759805083275,17.2438783673935,3.24160989689602,59.0782362609847,54.591494259695,33.4641808302867,6.59649874581319,0,0,0,0,-188.376754538474,2.05380981721093
6.45,600,-78.7877261638641,-32.1759805083275,16.5342523883314,2.62028190152498,59.2174511768809,54.6469334055566,33.5307529758592,6.68545844025582,0,0,0,0,-189.615283076291,2.05380981721093
6.466667,600,-79.2655147612095,-38.4094968438148,15.1693831396307,2.29816872698757,59.1045061534145,54.6699150923127,33.5640155948496,6.729955831112,0,0,0,0,-190.246642348733,2.05380981721093
6.483334,600,-79.2655147612095,-45.4194203019142,13.8509115206306,1.66091961522145,59.1756859317414,54.7064330074867,33.6305083928423,6.81897485284896,0,0,0,0,-191.553626449968,2.05380981721093
6.5,600,-79.7331385314465,-49.8501010239124,12.6059997474578,1.0225940519523,59.1958250633069,54.7301203900975,33.6969831864677,6.90800732036284,0,0,0,0,-192.958778905446,2.05380981721093
6.516667,600,-79.7331385314465,-49.8501010239124,12.6059997474578,0.713926373370462,59.3166634062961,54.7372596536716,33.7302187207647,6.95252494468295,0,0,0,0,-193.688306532132,2.05380981721093
6.533334,600,-80.1907330751419,-53.0059225857258,11.472979911554,0.106167991489249,59.2589828903719,54.742350271547,33.7966955479094,7.04155589384634,0,0,0,0,-195.225865358901,2.05380981721093
6.55,600,-80.1907330751419,-55.5952936410904,10.4417952314704,-0.473520175522895,59.16629238329,54.7357100791614,33.8631873496969,7.13057565978211,0,0,0,0,-196.817734231672,2.05380981721093
6.566667,600,-80.1907330751419,-58.8017880916595,9.50329282335412,-0.760351790667917,59.0075568036578,54.7281065614247,33.8964433533407,7.17507799496528,0,0,0,0,-197.646736559392,2.05380981721093
6.583333,600,-80.1907330751419,-62.5762820243835,8.64914245916472,-1.31769923677049,58.9665979210012,54.7045598162221,33.9629844102793,7.26406094822687,0,0,0,0,-199.351667228682,2.05380981721093
6.6,600,-80.1907330751419,-63.1160087883472,7.8717626268537,-1.84383579018467,58.8028637057761,54.6702663539555,34.0295740811262,7.35300752743057,0,0,0,0,-201.076257622855,2.05380981721093
6.616667,600,-80.1907330751419,-63.1160087883472,7.50968047749906,-2.09027872576473,58.7123618017463,54.6493635671651,34.0628877092306,7.39746674242177,0,0,0,0,-201.93293938589,2.05380981721093
6.633334,600,-80.1907330751419,-66.3218200206757,6.83369794534742,-2.5665038901712,58.5270767730406,54.6004446705668,34.1295569204445,7.48635371729278,0,0,0,0,-203.628986472801,2.05380981721093
6.650001,600,-80.1907330751419,-66.3218200206757,6.19631615439066,-3.01597751899206,58.3307179580501,54.5423195861489,34.1962932846234,7.57519028469396,0,0,0,0,-205.296172568744,2.05380981721093
6.666667,600,-80.1907330751419,-66.3218200206757,5.8713262451233,-3.22532997558702,58.2292323361608,54.510066287114,34.2296871425677,7.61958926966781,0,0,0,0,-206.089894746174,2.05380981721093
6.683334,600,-82.9842455685139,-72.270642966032,5.22979056408441,-3.66292698033162,58.0206185987794,54.4390175532334,34.2965425112847,7.70833630998684,0,0,0,0,-207.72127703199,2.05380981721093
6.7,600,-82.9842455685139,-75.5243629217148,4.55329476462441,-4.091938314186,57.8101026762977,54.3593607436065,34.3635016922968,7.79700504864393,0,0,0,0,-209.281987653189,2.05380981721093
6.716667,600,-82.9842455685139,-75.5243629217148,4.22274516672651,-4.30009733414865,57.7049102820518,54.3163597712262,34.3970248814246,7.84130646403683,0,0,0,0,-210.037443858926,2.05380981721093
6.733334,600,-82.9842455685139,-75.5243629217148,3.57491837357325,-4.68813134960828,57.4527638147243,54.2244916443854,34.4641591265051,7.92984272911336,0,0,0,0,-211.487813346793,2.05380981721093
6.75,600,-82.9842455685139,-78.7877261638641,2.92363280854366,-5.05841637088669,57.247832227409,54.1252188136576,34.531416177867,8.01828573722374,0,0,0,0,-212.854185167934,2.05380981721093
6.766667,600,-74.6629551053047,-78.7877261638641,2.92363280854366,-5.23924699929263,57.1733784603297,54.0728263448358,34.5650958120097,8.06246833401398,0,0,0,0,-213.525643706945,2.05380981721093
6.783334,600,-61.2044632434845,-79.2655147612095,2.29816872698757,-5.58123739222195,56.9651386830165,53.9628712988133,34.6325602299219,8.15075326369904,0,0,0,0,-214.76357418895,2.05380981721093
6.8,600,-50.8234158158302,-79.2655147612095,1.66091961522145,-5.89248988997119,56.7578567655316,53.8465411313824,34.7001669895761,8.23892923807092,0,0,0,0,-215.899642636338,2.05380981721093
6.816667,600,-40.7866556197405,-79.7331385314465,1.0225940519523,-6.03991699807513,56.6420227111657,53.7861419627517,34.7340252893216,8.28297506821927,0,0,0,0,-216.429720128598,2.05380981721093
6.833333,600,-30.7678338140249,-80.1907330751419,0.402893807427689,-6.31714087682096,56.4432277677008,53.6611649286393,34.8018550266291,8.37097962973893,0,0,0,0,-217.467607624318,2.05380981721093
6.85,600,-23.4704919159412,-80.1907330751419,-0.190499077872026,-6.57173918459665,56.2283273281993,53.5309731729289,34.869840219658,8.45886415348258,0,0,0,0,-218.446677160062,2.05380981721093
6.866667,600,-14.2219543457031,-80.1907330751419,-0.473520175522895,-6.69032407536675,56.117269185833,53.4640699336706,34.9038923700496,8.50276028849263,0,0,0,0,-218.926488653468,2.05380981721093
6.883334,600,-5.36707043647766,-80.1907330751419,-1.03697533611938,-6.91138089695737,55.9012626294101,53.326921584303,34.9721184847819,8.59045791122905,0,0,0,0,-219.81280768846,2.05380981721093
6.900001,600,1.07236464973539,-80.1907330751419,-1.58551051312876,-7.11256926156389,55.6796793394723,53.185652463987,35.0405108050563,8.67802597692751,0,0,0,0,-220.666658313411,2.05380981721093
6.916667,600,7.52133838832378,-80.1907330751419,-1.84383579018467,-7.20627726948237,55.5666682526966,53.1135896929029,35.0747707513816,8.72176012483165,0,0,0,0,-221.082001621671,2.05380981721093
6.933334,600,11.8538873270154,-80.1907330751419,-2.32538587899997,-7.38096052173758,55.3364311294985,52.966823341622,35.1434211887892,8.80912598077726,0,0,0,0,-221.890564174487,2.05380981721093
6.95,600,16.231425665319,-80.1907330751419,-2.79653105271404,-7.53994334611953,55.1004698581539,52.8168006797424,35.2122496741018,8.89635163507727,0,0,0,0,-222.682523647283,2.05380981721093
6.966667,600,22.9127772152424,-80.1907330751419,-3.01597751899206,-7.61399317397724,54.9803816135771,52.7406607497045,35.2467321769478,8.93991052180072,0,0,0,0,-223.069697112511,2.05380981721093
6.983334,600,27.4612035602331,-82.9842455685139,-3.44194656653422,-7.76669249395586,54.7680665898328,52.5861474593402,35.3158399327985,9.02691507592702,0,0,0,0,-223.846234148367,2.05380981721093
7,600,32.096291705966,-82.9842455685139,-3.87374282654919,-7.9196542360746,54.523788282607,52.4285011831078,35.3851499198415,9.11375861284906,0,0,0,0,-224.616274436555,2.05380981721093
7.016667,600,36.8253327906132,-82.9842455685139,-3.87374282654919,-7.99089960938295,54.3608483574818,52.3485921888001,35.4198817686344,9.15711894373504,0,0,0,0,-224.996951154114,2.05380981721093
7.033334,600,44.1058419644833,-82.9842455685139,-4.30009733414865,-8.12370974796219,54.1064711566667,52.1867664162689,35.4895012564086,9.2437145608001,0,0,0,0,-225.747154952403,2.05380981721093
7.05,600,51.6182906925678,-82.9842455685139,-4.68813134960828,-8.24458298947385,53.8493420390561,52.0224648994619,35.5593312578527,9.3301405100728,0,0,0,0,-226.470188311434,2.05380981721093
7.066667,600,61.9961619377136,-82.9842455685139,-5.05841637088669,-8.30088242157501,53.769521549046,51.9394560771015,35.5943262466063,9.37328874731664,0,0,0,0,-226.826386407243,2.05380981721093
7.083333,600,70.0418964028358,-61.2044632434845,-5.41426745579598,-8.24985935699242,53.4591030931386,51.7738482955857,35.6644341493345,9.45948943750039,0,0,0,0,-227.493552116404,2.05380981721093
7.1,600,78.2996997237206,-50.8234158158302,-5.74052711313273,-8.08155298804766,53.196339522056,51.6111166878071,35.7346549473972,9.54559818999543,0,0,0,0,-228.11716170421,2.05380981721093
7.116667,600,83.9156441390514,-50.8234158158302,-5.89248988997119,-7.9765600954859,53.0634001588442,51.5313510886352,35.7697987886926,9.58862527488525,0,0,0,0,-228.423542171026,2.05380981721093
7.133334,600,92.4940541386604,-30.7678338140249,-6.18056281376645,-7.62532825512751,52.8045060933788,51.3768606076741,35.8401174926432,9.6746540974101,0,0,0,0,-229.00023736325,2.05380981721093
7.150001,600,104.195141792297,-23.4704919159412,-6.44743667744332,-7.21720228517542,52.5467926687015,51.2303279693409,35.910456164074,9.76066659509853,0,0,0,0,-229.577175581559,2.05380981721093
7.166667,600,110.147818922997,-23.4704919159412,-6.57173918459665,-7.00840970949383,52.4185059037272,51.1602438738125,35.945630485666,9.80366876615601,0,0,0,0,-229.867465283806,2.05380981721093
7.183334,600,119.191709160805,-5.36707043647766,-6.80345434635645,-6.47787469883318,52.1632862122769,51.027858314566,36.0159605852354,9.88968827180708,0,0,0,0,-230.462610125868,2.05380981721093
7.2,600,122.234825789928,1.07236464973539,-7.01434308579252,-5.91689158400869,51.910427371397,50.9066086383395,36.0862520549186,9.97573934677422,0,0,0,0,-231.080699861603,2.05380981721093
7.216667,600,131.442511081696,1.07236464973539,-7.11256926156389,-5.63910065545029,51.7850133558579,50.8502176330455,36.1213826646787,10.0187772355816,0,0,0,0,-231.398512292587,2.05380981721093
7.233334,600,137.641480565071,11.8538873270154,-7.29567493440308,-5.06467898622652,51.6065631176602,50.7458299711012,36.1916154198554,10.1048762374855,0,0,0,0,-232.055115521424,2.05380981721093
7.25,600,143.884770572186,16.231425665319,-7.46232317716536,-4.46492871395619,51.3605314461643,50.6534856602682,36.2617904430806,10.1910223005346,0,0,0,0,-232.749499190847,2.05380981721093
7.266667,600,150.169011950493,16.231425665319,-7.46232317716536,-4.17436451730767,51.1631404207173,50.6117420160282,36.296857520338,10.2341119710803,0,0,0,0,-233.105092062418,2.05380981721093
7.283334,600,156.491200625896,22.9127772152424,-7.61399317397724,-3.56419792047076,50.9196407478593,50.5374790434937,36.3669402806922,10.3203331098394,0,0,0,0,-233.860287729126,2.05380981721093
7.3,600,166.381697356701,27.4612035602331,-7.76669249395586,-2.96222730762319,50.6786325408798,50.475295498191,36.436955165781,10.4066093748678,0,0,0,0,-234.681435613528,2.05380981721093
7.316667,600,173.10698479414,32.096291705966,-7.9196542360746,-2.65751938124602,50.6381734276889,50.4487203049725,36.471935517097,10.4497694795586,0,0,0,0,-235.115624110322,2.05380981721093
7.333333,600,183.052295446396,44.1058419644833,-8.05886786686326,-2.00279797703842,50.3218588857537,50.4052722499665,36.5418226618152,10.5361492463075,0,0,0,0,-236.040173605074,2.05380981721093
7.35,600,189.495199918747,51.6182906925678,-8.18556905847441,-1.33104151526246,50.0868226136321,50.3751699238746,36.6115959248587,10.6226210246523,0,0,0,0,-237.031876881674,2.05380981721093
7.366667,600,196.260145306587,51.6182906925678,-8.24458298947385,-0.998905915733593,49.9694024092733,50.3651808649405,36.6464357838894,10.6658946174986,0,0,0,0,-237.546412329183,2.05380981721093
7.383334,600,199.498099088669,70.0418964028358,-8.31091916475289,-0.231109394069174,49.7408063781108,50.3565939607176,36.7159875428129,10.7525446470539,0,0,0,0,-238.651928663262,2.05380981721093
7.400001,600,206.275123357773,78.2996997237206,-8.19160815354095,0.551302378942765,49.5207389711871,50.3635782395182,36.7853513064241,10.8393452367456,0,0,0,0,-239.664443066215,2.05380981721093
7.416667,600,209.525030851364,78.2996997237206,-8.08155298804766,0.936888077532994,49.4154126332568,50.3729471200842,36.8199582226637,10.8828053444709,0,0,0,0,-240.142339542846,2.05380981721093
7.433334,600,216.312611103058,92.4940541386604,-7.82372018629356,1.75828288600441,49.2161527729379,50.4038720703229,36.8890043999278,10.9698587637334,0,0,0,0,-241.129910579622,2.05380981721093
7.45,600,219.573283195496,104.195141792297,-7.43606187566524,2.61021420102058,49.0360254281478,50.4516026846029,36.9578031022571,11.0571078847616,0,0,0,0,-242.070625586061,2.05380981721093
7.466667,600,222.838628292084,104.195141792297,-7.21720228517542,3.0370032683924,48.953967155148,50.481972716608,36.9921005313107,11.1008126439466,0,0,0,0,-242.537949390445,2.05380981721093
7.483334,600,226.108500361443,119.191709160805,-6.76068152172131,3.91129782686143,48.8733939035563,50.5555273038834,37.0604860075255,11.1883860117759,0,0,0,0,-243.501707220027,2.05380981721093
7.5,600,232.661262154579,122.234825789928,-6.2080763096514,4.79806954891475,48.7420324655898,50.6470774715368,37.1285578374829,11.2762034048976,0,0,0,0,-244.485991580286,2.05380981721093
7.516667,600,236.194115877151,122.234825789928,-6.2080763096514,5.21890111978867,48.6222060040564,50.6992664815682,37.1624781401467,11.3202015035191,0,0,0,0,-244.973841915346,2.05380981721093
7.533334,600,239.477005600929,131.442511081696,-5.63910065545029,6.09781040902269,48.5361154557083,50.8169315891468,37.2300652751556,11.4083924708233,0,0,0,0,-246.005893883149,2.05380981721093
7.55,600,246.054363250732,137.641480565071,-5.06467898622652,6.96129607757853,48.4763477117303,50.9519417124371,37.2973063492671,11.4968475704866,0,0,0,0,-247.054950932636,2.05380981721093
7.566667,600,252.880078554153,143.884770572186,-4.46492871395619,7.39625093304461,48.5063216556924,51.0259042201144,37.3307917233552,11.5411775754189,0,0,0,0,-247.611196753404,2.05380981721093
7.583333,600,262.783613801003,156.491200625896,-3.86209949896384,8.3046880603706,48.4426322223945,51.1873929052457,37.3974639485871,11.6300621983182,0,0,0,0,-248.80891079272,2.05380981721093
7.6,600,269.62086558342,166.381697356701,-3.25612736164675,9.21503900284587,48.4539728518049,51.3669834220719,37.4637193189591,11.7192579669264,0,0,0,0,-250.093730521861,2.05380981721093
7.616667,600,276.245099306107,166.381697356701,-2.96222730762319,9.66439886491701,48.4694562297057,51.4636274085609,37.4966821622815,11.76397787944,0,0,0,0,-250.766446702883,2.05380981721093
7.633334,600,279.561513662338,183.052295446396,-2.34200762068004,10.6232271661368,48.5223690300696,51.6711435347932,37.5622511184308,11.8536794191217,0,0,0,0,-252.245423477767,2.05380981721093
7.650001,600,286.202582716942,189.495199918747,-1.6791911612098,11.5794867316354,48.6039268570352,51.8978914660829,37.627318116482,11.9437457210546,0,0,0,0,-253.829979572046,2.05380981721093
7.666667,600,296.380719542503,189.495199918747,-1.33104151526246,12.0413954514933,48.6556802196985,52.0183054179064,37.6596595002465,11.9889171114617,0,0,0,0,-254.653546196596,2.05380981721093
7.683334,600,306.375232338905,199.498099088669,-0.627581047413902,12.9888205098557,48.7815705270536,52.2733692401722,37.723938067775,12.0795477704187,0,0,0,0,-256.422226094392,2.05380981721093
7.7,600,313.928830623627,206.275123357773,0.147125516730558,13.9028719992785,48.937751565592,52.5467819739336,37.7876700342995,12.1705636212037,0,0,0,0,-258.285487686945,2.05380981721093
7.716667,600,315.600514411926,206.275123357773,0.551302378942765,14.3459775070955,49.026651924097,52.6902417457979,37.8193254098172,12.216218377976,0,0,0,0,-259.248205328259,2.05380981721093
7.733334,600,316.654339432716,216.312611103058,1.33421220699724,15.240933017596,49.2248259579129,52.9905086480765,37.8822009963799,12.3078279082563,0,0,0,0,-261.250448346248,2.05380981721093
7.75,600,317.164114117622,219.573283195496,2.16284733366139,16.1065486057045,49.4291575543284,53.3083258389519,37.9444781957138,12.3998452731368,0,0,0,0,-263.312537576511,2.05380981721093
7.766667,600,317.662790417671,219.573283195496,2.16284733366139,16.5180836956407,49.5662506093487,53.4735066722162,37.9753905686526,12.4460063478037,0,0,0,0,-264.353853597011,2.05380981721093
7.783334,600,318.150743842125,222.838628292084,3.0370032683924,17.3187227799249,49.8278068892679,53.815972160734,38.0367547082406,12.5386351075521,0,0,0,0,-266.492422930887,2.05380981721093
7.8,600,318.628287315369,226.108500361443,3.91129782686143,18.0809343805005,50.1148010587443,54.1738694953849,38.0974964462349,12.6316731909694,0,0,0,0,-268.708913807253,2.05380981721093
7.816667,600,319.095587730408,232.661262154579,4.79806954891475,18.4703427764128,50.2248625148699,54.3585729190206,38.1276251965757,12.6783495020706,0,0,0,0,-269.837174929365,2.05380981721093
7.833334,600,319.553020596504,239.477005600929,5.66870061184212,19.2497081165964,50.5959494744403,54.739673801447,38.1873750610318,12.7720276250101,0,0,0,0,-272.17038918093,2.05380981721093
7.85,600,320.000877976418,246.054363250732,6.53971655322824,20.0099820674601,50.947027642841,55.1359848846961,38.2464319014829,12.8661441661543,0,0,0,0,-274.55831639611,2.05380981721093
7.866667,600,320.439264178276,246.054363250732,6.96129607757853,20.3809506003263,51.1326845548616,55.3397943861438,38.2756920931403,12.913369803252,0,0,0,0,-275.782954958624,2.05380981721093
7.883334,600,320.868596434593,262.783613801003,7.84418081371943,21.1944584871651,51.5150572662014,55.7594457538395,38.3336391823491,13.0081735943837,0,0,0,0,-278.26529205206,2.05380981721093
7.900001,600,320.868596434593,269.62086558342,8.74401308118938,22.0203194576331,51.9212959314721,56.1956363879347,38.3907842187977,13.1034629713884,0,0,0,0,-280.84520882905,2.05380981721093
7.916667,600,320.868596434593,269.62086558342,9.21503900284587,22.4225025738854,52.133447721187,56.4198614086617,38.4190480781318,13.1512915598126,0,0,0,0,-282.184727525886,2.05380981721093
7.933334,600,320.868596434593,279.561513662338,10.1283859209204,23.2575605109501,52.5763674047116,56.8808465288232,38.4749320782665,13.2473258975065,0,0,0,0,-284.919457660454,2.05380981721093
7.95,600,320.868596434593,286.202582716942,11.0953069041595,24.0690236764646,53.0445169217984,57.3580868101346,38.5299427179871,13.3438631512935,0,0,0,0,-287.810329076079,2.05380981721093
7.966667,600,320.868596434593,286.202582716942,11.5794867316354,24.4639979921193,53.2880567643249,57.6027267845876,38.5571124113226,13.3923216632307,0,0,0,0,-289.296354598631,2.05380981721093
7.983334,600,321.288999915123,306.375232338905,12.517562286836,25.3571131471201,53.7931546265596,58.1052401335315,38.6107304959977,13.4896391791472,0,0,0,0,-292.31803247872,2.05380981721093
8,600,321.288999915123,313.928830623627,13.438401987986,26.2596414880615,54.1901900363998,58.625823652619,38.663349083259,13.587500704032,0,0,0,0,-295.382602509408,2.05380981721093
8.016667,600,321.288999915123,313.928830623627,13.9028719992785,26.6993697247931,54.5920197172221,58.8928173438992,38.6892751160127,13.63663582834,0,0,0,0,-296.95017452729,2.05380981721093
8.033334,600,321.288999915123,315.600514411926,14.3459775070955,27.5362208436483,55.1504017023681,59.4394559911465,38.7403586302153,13.7353073548113,0,0,0,0,-300.044871086533,2.05380981721093
8.05,600,321.288999915123,317.164114117622,15.675171192204,28.3113390339612,55.7331453962909,60.0018847081767,38.7904162363835,13.8345032804665,0,0,0,0,-303.290368185662,2.05380981721093
8.066668,600,321.288999915123,317.164114117622,16.1065486057045,28.6736740202055,56.029334114313,60.2886214419697,38.8150596886788,13.8842940413974,0,0,0,0,-304.874029372348,2.05380981721093
8.083334,600,321.288999915123,318.150743842125,16.9278268373283,29.3567860201708,56.63804102303,60.8724088860887,38.8635728657773,13.9842543712429,0,0,0,0,-308.066152975108,2.05380981721093
8.1,600,321.288999915123,318.628287315369,17.7087998845541,29.9834497844659,57.2612987209639,61.4690054819796,38.9110496884868,14.0847110634956,0,0,0,0,-311.205550480772,2.05380981721093
8.116667,600,321.288999915123,318.628287315369,18.0809343805005,30.2765561919857,57.5800830782204,61.7717710371321,38.9343973275827,14.1351224447876,0,0,0,0,-312.784440906679,2.05380981721093
8.133334,600,321.288999915123,319.553020596504,18.8603809778656,30.8301356551409,58.2187333663704,62.3856587096233,38.9803045969685,14.2363060266602,0,0,0,0,-315.869599633973,2.05380981721093
8.150001,600,321.288999915123,320.000877976418,19.6211271432719,31.3386005731689,58.8708774851285,63.0099362001355,39.0251525556161,14.3379635611752,0,0,0,0,-318.950664090244,2.05380981721093
8.166667,600,321.288999915123,320.000877976418,20.0099820674601,31.5765771406541,59.201791404307,63.3257019644841,39.0471758888604,14.3889674081666,0,0,0,0,-320.523346475935,2.05380981721093
8.183333,600,321.700766682625,320.868596434593,20.7706792203967,32.0269437958703,59.8736415440688,63.9640304698039,39.0904127660787,14.4913205432011,0,0,0,0,-323.669688387105,2.05380981721093
8.200001,600,321.700766682625,320.868596434593,21.5987449268455,32.438981401746,60.5597362512082,64.6107983925783,39.132559622829,14.5941273198103,0,0,0,0,-327.038403728264,2.05380981721093
8.216667,600,321.700766682625,320.868596434593,22.0203194576331,32.6308971882758,60.9084867564459,64.9371073571675,39.1532208124183,14.6456979981059,0,0,0,0,-328.778102793836,2.05380981721093
8.233334,600,321.700766682625,320.868596434593,22.8409525355858,32.9886518188013,61.6167551333472,65.5951337137492,39.1937112949478,14.7491683318381,0,0,0,0,-332.276689951111,2.05380981721093
8.25,600,321.700766682625,320.868596434593,23.6550055213842,33.3142516737522,62.1072479679988,66.2598290565106,39.2330822269445,14.853069811959,0,0,0,0,-335.839505572094,2.05380981721093
8.266667,600,321.700766682625,320.868596434593,24.0690236764646,33.4659071327827,62.7061107826596,66.5944881203582,39.2523438663752,14.9051793970807,0,0,0,0,-337.688661745391,2.05380981721093
8.283334,600,321.700766682625,320.868596434593,24.4639979921193,33.7486115610825,63.4491312079473,67.2680800889674,39.2900113160004,15.0097104883327,0,0,0,0,-341.339956945904,2.05380981721093
8.3,600,321.700766682625,321.288999915123,25.7987115842864,34.010218041346,64.2128515526301,67.9470071935538,39.3265248567303,15.1146502107793,0,0,0,0,-345.578494379248,2.05380981721093
8.316668,600,321.700766682625,321.288999915123,25.7987115842864,34.1320671461488,64.6036501527124,68.2883278573862,39.3443445818782,15.1672703306078,0,0,0,0,-347.735344990576,2.05380981721093
8.333334,600,321.700766682625,321.288999915123,27.1276451029194,34.3592088641743,65.3890219005,68.9744030455447,39.3791017280088,15.2728047925664,0,0,0,0,-352.105987147719,2.05380981721093
8.35,600,321.700766682625,321.288999915123,27.5362208436483,34.5659352183064,66.1994654085819,69.6647124346026,39.4126715528284,15.3787229085563,0,0,0,0,-356.640698932089,2.05380981721093
8.366667,600,321.700766682625,321.288999915123,28.3113390339612,34.6622226694613,66.325827084175,70.0113346535496,39.4290071549585,15.4318225104208,0,0,0,0,-358.831299265541,2.05380981721093
8.383334,600,321.700766682625,321.288999915123,29.0219596965908,34.8417143211643,67.4257025435489,70.7072925924997,39.4607717102518,15.538295940553,0,0,0,0,-363.182144521084,2.05380981721093
8.400001,600,321.700766682625,321.288999915123,29.6762111381188,35.0050733688826,67.9645357720624,71.4065964765262,39.4913168748928,15.6451255704113,0,0,0,0,-367.50953977756,2.05380981721093
8.416667,600,321.700766682625,321.288999915123,29.9834497844659,35.0811615212321,68.6776122267059,71.7574080838973,39.5061283070907,15.6986703282439,0,0,0,0,-369.656168978482,2.05380981721093
8.433333,600,321.700766682625,321.288999915123,30.2765561919857,35.2229991955755,69.5241247037791,72.4611755581383,39.5348212948766,15.8060122460161,0,0,0,0,-373.920348794968,2.05380981721093
8.450001,600,321.700766682625,321.288999915123,31.0891498734207,35.3520885832515,70.3761043352896,73.1675870610213,39.5622646134548,15.9136804298613,0,0,0,0,-378.110427763531,2.05380981721093
8.466667,600,321.700766682625,321.288999915123,31.3386005731689,35.4122148703068,70.8041705587547,73.5217092018091,39.5755140517061,15.9676329274971,0,0,0,0,-380.179498484448,2.05380981721093
8.483334,600,321.700766682625,321.700766682625,31.8059081628852,35.5264587609264,71.6632378430488,74.2316695284772,39.6010609234428,16.0757667732747,0,0,0,0,-384.241075980397,2.05380981721093
8.5,600,321.700766682625,321.700766682625,32.2378123213257,35.6324961690715,72.5245625274806,74.9438017296061,39.6253280095769,16.184194992068,0,0,0,0,-388.196812070352,2.05380981721093
8.516667,600,321.700766682625,321.700766682625,32.438981401746,35.681885477949,72.9553430058142,75.30062057641,39.6369784459983,16.2385152180091,0,0,0,0,-390.119210710604,2.05380981721093
8.533334,600,321.700766682625,321.700766682625,32.8139853101802,35.7739532242708,73.4920499999473,76.0156501226446,39.6593069641401,16.3473591692553,0,0,0,0,-393.883632165762,2.05380981721093
8.55,600,321.700766682625,321.700766682625,33.1552840880964,35.8577459757553,74.6810056249019,76.7323959248697,39.6803311411309,16.4564625669177,0,0,0,0,-397.510080969253,2.05380981721093
8.566668,600,321.700766682625,321.700766682625,33.1552840880964,35.896774335248,75.1157017715917,77.0913636601987,39.6903512562711,16.5111070259935,0,0,0,0,-399.338157332435,2.05380981721093
8.583334,600,321.700766682625,321.700766682625,33.6105868054271,35.969527997585,75.968938063282,77.8103989989435,39.7094020980823,16.6205722320926,0,0,0,0,-402.621285138773,2.05380981721093
8.6,600,321.700766682625,321.700766682625,33.7486115610825,36.0357426035827,76.8282222991199,78.5307905554064,39.7271268354671,16.7302599646701,0,0,0,0,-405.908821413107,2.05380981721093
8.616667,600,321.700766682625,321.700766682625,34.010218041346,36.0665835462748,76.9103373618551,78.8914563828076,39.7354894286551,16.7851825160519,0,0,0,0,-407.36862340565,2.05380981721093
8.633334,600,321.700766682625,321.700766682625,34.2483114851762,36.1240748566947,78.0894080999464,79.6136571740299,39.7512103452232,16.8951753179732,0,0,0,0,-410.191506930208,2.05380981721093
8.650001,600,321.700766682625,321.700766682625,34.4650052304452,36.1763988819804,78.5766684653788,80.3369296739651,39.7655862817995,17.0053519730806,0,0,0,0,-412.763285617758,2.05380981721093
8.666667,600,321.700766682625,321.700766682625,34.5659352183064,36.2007699741426,79.3352077331169,80.698937365615,39.772267758296,17.0605042847905,0,0,0,0,-414.011747479007,2.05380981721093
8.683333,600,321.700766682625,321.700766682625,34.6622226694613,36.246200687424,80.1545069663918,81.4236395568377,39.784613730326,17.1709268310787,0,0,0,0,-416.26598229892,2.05380981721093
8.700001,600,321.700766682625,321.700766682625,34.9253165968327,36.2875481149415,80.9676960179698,82.1491886324139,39.7955987299055,17.281493059378,0,0,0,0,-418.345207930579,2.05380981721093
8.716667,600,321.700766682625,321.700766682625,35.0050733688826,36.3068066096999,81.3702377972482,82.5122566903957,39.8005790965431,17.3368249268981,0,0,0,0,-419.289588542401,2.05380981721093
8.733334,600,321.700766682625,321.700766682625,35.1537498015645,36.3427068126032,82.1708491817178,83.2389355348793,39.8095122705024,17.4475758117261,0,0,0,0,-421.056263111304,2.05380981721093
8.75,600,321.700766682625,321.700766682625,35.2890632840057,36.3753803264047,82.968670360181,83.9662836032851,39.8170712955358,17.5584289606731,0,0,0,0,-422.721085529291,2.05380981721093
8.766667,600,321.700766682625,321.700766682625,35.3520885832515,36.390598750671,83.3641903712788,84.3301895826579,39.820334077788,17.6138886204907,0,0,0,0,-423.474882088017,2.05380981721093
8.783334,600,321.288999915123,321.700766682625,35.4695754927606,36.4189677652739,83.7992706180059,85.0584304156734,39.8258235670681,17.7248635013167,0,0,0,0,-424.916331610328,2.05380981721093
8.8,600,320.000877976418,321.700766682625,35.5807255355601,36.4447869895456,84.9360964072131,85.7872000820014,39.8299284434667,17.8358982172915,0,0,0,0,-426.216419520243,2.05380981721093
8.816668,600,319.095587730408,321.700766682625,35.5807255355601,36.4568128742295,85.3274414712184,86.151768202595,39.8314605567844,17.8914326412454,0,0,0,0,-426.851560789535,2.05380981721093
8.833334,600,317.662790417671,321.700766682625,35.7290029973987,36.4792306023885,86.1059145270069,86.8812433482852,39.8334821666879,18.002524812706,0,0,0,0,-428.019142539725,2.05380981721093
8.85,600,316.133278608322,321.700766682625,35.7739532242708,36.4996334383383,86.8801434302,87.6111363879914,39.8341112904136,18.1136335938396,0,0,0,0,-429.077169124208,2.05380981721093
8.866667,600,315.093138813972,321.700766682625,35.8577459757553,36.5091365182827,86.9071680484726,87.9762277450138,39.8339028883439,18.1691887572692,0,0,0,0,-429.560160258518,2.05380981721093
8.883334,600,302.849471569061,321.700766682625,35.9340074840667,36.5268514281181,88.0349774908466,88.7066782677622,39.8324388049524,18.2802896704896,0,0,0,0,-430.491232065274,2.05380981721093
8.900001,600,286.202582716942,321.700766682625,36.0034146529078,36.5429741322867,88.4415465910308,89.4374590182107,39.8295768244841,18.3913633630153,0,0,0,0,-431.335321856749,2.05380981721093
8.916667,600,272.715646028519,321.700766682625,36.0357426035827,36.5504836445432,89.1841473113623,89.8029638464865,39.8276211386296,18.4468844842932,0,0,0,0,-431.74408396421,2.05380981721093
8.933333,600,259.479132294655,321.700766682625,36.0665835462748,36.5644822990122,89.9462978659241,90.5341851305055,39.8226596080949,18.5578842087618,0,0,0,0,-432.47912212502,2.05380981721093
8.950001,600,242.763796448708,321.700766682625,36.1508527281816,36.5772227626588,90.706281702447,91.2656673666555,39.8162971050554,18.6688124462721,0,0,0,0,-433.154390716178,2.05380981721093
8.966667,600,210.087543725967,321.700766682625,36.1763988819804,36.5831569202857,91.0849041577813,91.6314989276813,39.8125902865911,18.7242441981115,0,0,0,0,-433.460255514783,2.05380981721093
8.983334,600,187.205699086189,321.700766682625,36.2240200546775,36.5942189199664,91.840642150861,92.3633292817327,39.8041253017462,18.8350318280631,0,0,0,0,-434.031566063446,2.05380981721093
9,600,161.777473986149,321.700766682625,36.2673610644082,36.6042866736281,92.5954405890231,93.095365845059,39.7942584835708,18.9457034168894,0,0,0,0,-434.569454158705,2.05380981721093
9.016667,600,139.977179467678,321.700766682625,36.2875481149415,36.6089759564388,92.9717365064374,93.4614555964406,39.788799452254,19.0009901114207,0,0,0,0,-434.812915777583,2.05380981721093
9.033334,600,115.30704498291,321.700766682625,36.3251792600158,36.6177173563502,93.3606744714623,94.1937672490708,39.7768304566329,19.1114541213282,0,0,0,0,-435.278711536121,2.05380981721093
9.05,600,91.923613846302,321.700766682625,36.359428139925,36.6256730843837,94.4736752329618,94.9262418521432,39.7634608692642,19.2217573772776,0,0,0,0,-435.694310662765,2.05380981721093
9.066668,600,75.1086845993996,321.700766682625,36.359428139925,36.6293786437337,94.8486337954236,95.2925356303932,39.7562511732355,19.276843127688,0,0,0,0,-435.897416248602,2.05380981721093
9.083334,600,61.6331905126572,321.288999915123,36.4051171640212,36.634125165729,95.5972089569443,96.0252060032367,39.7407833984538,19.3868717705205,0,0,0,0,-436.279308703443,2.05380981721093
9.1,600,51.2237295508385,321.288999915123,36.4189677652739,36.6363833819649,96.3444376349856,96.7579226292116,39.7239205837608,19.4966952633216,0,0,0,0,-436.634892489268,2.05380981721093
9.116667,600,38.6727835983038,320.000877976418,36.4447869895456,36.6306746813402,96.3530782493324,97.1242293678374,39.7149684272253,19.5515248037946,0,0,0,0,-436.822921654901,2.05380981721093
9.133334,600,29.2434826493263,317.662790417671,36.4682855971401,36.6032291246245,97.4630409104609,97.8564664155822,39.6960313165037,19.6610097035252,0,0,0,0,-437.251588452938,2.05380981721093
9.150001,600,24.4579404592514,316.133278608322,36.4896721637181,36.5630490150602,97.8427449485316,98.5879646327493,39.6757252896592,19.770248999486,0,0,0,0,-437.710747619013,2.05380981721093
9.166667,600,19.7261651977897,316.133278608322,36.4996334383383,36.5404150011784,98.5796907618614,98.9533687745937,39.6650614730921,19.8247714960478,0,0,0,0,-437.951093690962,2.05380981721093
9.183333,600,12.7103874459863,315.093138813972,36.5091365182827,36.4875554803887,99.3228062556682,99.6833779438717,39.6427167772054,19.9336120823833,0,0,0,0,-438.447190878271,2.05380981721093
9.200001,600,10.3887975215912,286.202582716942,36.5351025459916,36.2265158754198,100.065196168209,100.409629845491,39.6190932217667,20.0421823973585,0,0,0,0,-439.745571783463,2.05380981721093
9.216667,600,8.07353714480996,286.202582716942,36.5429741322867,36.0622747885237,100.435942780176,100.770252585316,39.6068327973784,20.0963682037005,0,0,0,0,-440.552034284842,2.05380981721093
9.233334,600,8.07353714480996,259.479132294655,36.5576477372963,35.5483268912043,101.176935393702,101.484083880506,39.581482283653,20.2045484030057,0,0,0,0,-442.959203835814,2.05380981721093
9.250001,600,5.64250061288476,242.763796448708,36.5710024873262,34.9265699650239,101.917604941344,102.186099832739,39.5550799384007,20.3124767562368,0,0,0,0,-445.95898052912,2.05380981721093
9.266667,600,7.52133838832378,242.763796448708,36.5772227626588,34.5941412802835,102.287578658292,102.532041237809,39.5415025268825,20.3663476529397,0,0,0,0,-447.620537354602,2.05380981721093
9.283334,600,7.18300323933363,187.205699086189,36.5888181209334,33.68286494732,102.661495059374,103.211639907248,39.5136568507247,20.473912808311,0,0,0,0,-452.056349890879,2.05380981721093
9.3,600,12.4544739723206,161.777473986149,36.5993712952327,32.4418613383774,103.76639066902,103.867219059222,39.485103432358,20.5812922971155,0,0,0,0,-458.112612145305,2.05380981721093
9.316668,600,13.4383043274283,161.777473986149,36.5993712952327,31.7986786543523,104.135916079791,104.185205838658,39.4705842339293,20.6349170348035,0,0,0,0,-461.396071525787,2.05380981721093
9.333334,600,9.10811144858599,115.30704498291,36.6134495435178,30.2466611678082,104.874521982283,104.798379088994,39.4411526962504,20.7420592270534,0,0,0,0,-469.336111261625,2.05380981721093
9.35,600,0,115.30704498291,36.6177173563502,28.7106162365905,105.612684396709,105.380090831404,39.4112331401432,20.8490661436558,0,0,0,0,-477.770998482822,2.05380981721093
9.366667,600,0,91.923613846302,36.6256730843837,27.8724442994154,105.615346846094,105.658815268168,39.3961033874294,20.9025218280863,0,0,0,0,-482.460007866629,2.05380981721093
9.383334,600,0,61.6331905126572,36.6329137562653,26.0668226269292,106.719237882396,106.189329238682,39.3655870909756,21.0093601517858,0,0,0,0,-492.790428806816,2.05380981721093
9.400001,600,0,51.2237295508385,36.6352808532707,24.3013856866955,107.090153292604,106.684255925223,39.3347351717219,21.1161020386266,0,0,0,0,-503.594298080423,2.05380981721093
9.416667,600,0,51.2237295508385,36.6363833819649,23.4524204853327,107.825021492536,106.918780124835,39.31917936889,21.1694352985435,0,0,0,0,-509.097271080738,2.05380981721093
9.433333,600,0,38.6727835983038,36.6306746813402,21.741131344014,108.561409810545,107.361957767127,39.2878248994049,21.2760306440692,0,0,0,0,-520.555522711698,2.05380981721093
9.450001,600,0,24.4579404592514,36.5867743366773,20.0618354453589,109.296181180903,107.771521828839,39.2561481413328,21.3825306663218,0,0,0,0,-532.384045722477,2.05380981721093
9.466667,600,0,24.4579404592514,36.5630490150602,19.2674031117066,109.662782684589,107.96419585565,39.2401857991216,21.4357436651683,0,0,0,0,-538.30978688552,2.05380981721093
9.483334,600,0,12.7103874459863,36.5133630791057,17.7248282537777,110.029189200672,108.326539257636,39.2080031569229,21.5420919109558,0,0,0,0,-550.369452861896,2.05380981721093
9.500001,600,0,10.3887975215912,36.3986759098575,16.249895314557,111.123104946266,108.658800576882,39.1754932060438,21.6483405527197,0,0,0,0,-562.412109712179,2.05380981721093
9.516667,600,0,10.3887975215912,36.2265158754198,15.5569632633797,111.484005830592,108.814370206038,39.1591086894797,21.7014250818414,0,0,0,0,-567.961313267923,2.05380981721093
9.533334,600,0,8.07353714480996,35.8348042233119,14.2531013953356,111.83602832056,109.105860257677,39.1260674103392,21.8075096866251,0,0,0,0,-578.775861204144,2.05380981721093
9.55,600,0,5.64250061288476,35.2750268273997,13.0420785642841,112.887494592911,109.372679694994,39.0926587085016,21.9134791535693,0,0,0,0,-588.706815275718,2.05380981721093
9.566668,600,0,5.64250061288476,35.2750268273997,12.4717881382645,113.227350298873,109.497397573589,39.075815533781,21.9664199420074,0,0,0,0,-593.677269741876,2.05380981721093
9.583334,600,0,7.18300323933363,34.2770035155547,11.4261889664859,113.879724389449,109.73103536303,39.0418371971648,22.0722081294164,0,0,0,0,-602.667034317113,2.05380981721093
9.6,600,0,7.18300323933363,33.68286494732,10.4728736091924,114.501203996715,109.945147201074,39.0074664635017,22.1778694771568,0,0,0,0,-609.381263812152,2.05380981721093
9.616667,600,0,12.4544739723206,32.4418613383774,10.0565120572053,114.459628898075,110.045712319398,38.9901258588066,22.2306494264172,0,0,0,0,-612.043784009047,2.05380981721093
9.633334,600,0,9.10811144858599,31.0706652364262,9.26772600917122,115.329804798187,110.235034231478,38.9551312815063,22.3361058011315,0,0,0,0,-616.859462718125,2.05380981721093
9.650001,600,0,0,29.4605593046283,8.4803520115272,115.513556758727,110.408730102355,38.9197533719902,22.4414342107554,0,0,0,0,-620.97766011936,2.05380981721093
9.666667,600,0,0,28.7106162365905,8.09027621412665,116.031557940675,110.489632862688,38.9019366757963,22.4940553562375,0,0,0,0,-622.816846921517,2.05380981721093
9.683333,600,0,0,27.8724442994154,7.36312695090421,116.422323961602,110.640445558479,38.8660500752617,22.5992115376423,0,0,0,0,-625.663664420921,2.05380981721093
9.700001,600,0,0,25.1912840736656,6.70133343537325,116.732760728915,110.777703297958,38.8298307800046,22.7042535936659,0,0,0,0,-627.418775857023,2.05380981721093
9.716667,600,0,0,24.3013856866955,6.39308821396063,116.861334615112,110.841634178669,38.811598716905,22.756732270195,0,0,0,0,-628.110335623857,2.05380981721093
9.733334,600,0,0,22.576633875781,5.81848120902546,116.840469112724,110.960809203409,38.7748954086263,22.8616061879821,0,0,0,0,-629.286951644437,2.05380981721093
9.750001,600,0,0,20.8945716413058,5.29551954341152,117.212188953261,111.069272847087,38.7378817249586,22.9663709680535,0,0,0,0,-630.09351835469,2.05380981721093
9.766667,600,0,0,20.0618354453589,5.05193838006611,117.255885279784,111.119792229758,38.7192619463444,23.0187133357824,0,0,0,0,-630.366113446834,2.05380981721093
9.783334,600,0,0,18.5095127548034,4.59787313264033,117.295685842829,111.213966572624,38.6818038774648,23.1233200550476,0,0,0,0,-630.879416523693,2.05380981721093
9.8,600,0,0,16.9762373526438,4.18461900233613,117.275030723846,111.299676580995,38.6440647022415,23.2278256901912,0,0,0,0,-631.124452067464,2.05380981721093
9.816668,600,0,0,16.9762373526438,3.99213659217969,117.249679916661,111.339597946025,38.6250936340628,23.2800417623077,0,0,0,0,-631.244326817077,2.05380981721093
9.833334,600,0,0,14.8959044200644,3.63332570552318,117.147746864045,111.414016280516,38.5869565357948,23.3844028449269,0,0,0,0,-631.420087188879,2.05380981721093
9.85,600,0,0,14.2531013953356,3.3067645301204,117.007602868772,111.481745938915,38.5485702167853,23.4886725183226,0,0,0,0,-631.547946012181,2.05380981721093
9.866667,600,0,0,13.0420785642841,3.15466131445798,116.78527339111,111.513292551355,38.5292876160362,23.5407743505693,0,0,0,0,-631.588829309208,2.05380981721093
9.883334,600,0,0,11.9375904998142,2.87112221272509,116.722212822487,111.572099316977,38.4905514970894,23.6449145829001,0,0,0,0,-631.677806379388,2.05380981721093
9.900001,600,0,0,10.9383106737771,2.61306743853095,116.387577684425,111.625620565125,38.4515979519963,23.7489736844059,0,0,0,0,-631.771337809904,2.05380981721093
9.916667,600,0,0,10.4728736091924,2.4928726207497,116.379122767635,111.650549290776,38.4320435029293,23.8009740991812,0,0,0,0,-631.813130411781,2.05380981721093
9.933333,600,0,0,10.0565120572053,2.26881469719941,116.136709644094,111.697019501464,38.3927867859667,23.9049192095516,0,0,0,0,-631.952295483859,2.05380981721093
