time,RTT,deltam,deltas,omegam,omegas,thetam,thetas,pxs,pys,um,us,vm,vs,energy,b,velocity
0,600,0,0,0,0,0,0,0,0,0,0,0,0,0,2.05380981721093,5.55555555555556
0.05,600,0,0,0,0,0,0,0.277777781916989,0,0,0,0,0,0,2.05380981721093,5.55555555555556
0.1,600,0,0,0,0,0,0,0.555555563833978,0,0,0,0,0,0,2.05380981721093,5.55555555555556
0.15,600,0,0,0,0,0,0,0.833333345750968,0,0,0,0,0,0,2.05380981721093,5.55555555555556
0.2,600,0,0,0,0,0,0,1.11111112766796,0,0,0,0,0,0,2.05380981721093,5.55555555555556
0.25,600,0,0,0,0,0,0,1.38888890958495,0,0,0,0,0,0,2.05380981721093,5.55555555555556
0.3,600,0,0,0,0,0,0,1.66666669150194,0,0,0,0,0,0,2.05380981721093,5.55555555555556
0.35,600,0,0,0,0,0,0,1.94444447341892,0,0,0,0,0,0,2.05380981721093,5.55555555555556
0.4,600,0,0,0,0,0,0,2.22222225533591,0,0,0,0,0,0,2.05380981721093,0
0.45,600,0,0,0,0,0,0,2.22222225533591,0,0,0,0,0,0,2.05380981721093,0
0.5,600,0,0,0,0,0,0,2.22222225533591,0,0,0,0,0,0,2.05380981721093,0
0.55,600,0,0,0,0,0,0,2.22222225533591,0,0,0,0,0,0,2.05380981721093,0
0.6,600,0,0,0,0,0,0,2.22222225533591,0,0,0,0,0,0,2.05380981721093,0
0.65,600,0,0,0,0,0,0,2.22222225533591,0,0,0,0,0,0,2.05380981721093,0
0.7,600,0,0,0,0,0,0,2.22222225533591,0,0,0,0,0,0,2.05380981721093,0
0.75,600,0,0,0,0,0,0,2.22222225533591,0,0,0,0,0,0,2.05380981721093,0
0.8,600,0,0,0,0,0,0,2.22222225533591,0,0,0,0,0,0,2.05380981721093,0
0.85,600,0,0,0,0,0,0,2.22222225533591,0,0,0,0,0,0,2.05380981721093,0
0.9,600,0,0,0,0,0,0,2.22222225533591,0,0,0,0,0,0,2.05380981721093,0
0.95,600,0,0,0,0,0,0,2.22222225533591,0,0,0,0,0,0,2.05380981721093,0
1,600,0,0,0,0,0,0,2.22222225533591,0,0,0,0,0,0,2.05380981721093,0
1.05,600,0,0,0,0,0,0,2.22222225533591,0,0,0,0,0,0,2.05380981721093,0
1.1,600,0,0,0,0,0,0,2.22222225533591,0,0,0,0,0,0,2.05380981721093,0
1.15,600,0,0,0,0,0,0,2.22222225533591,0,0,0,0,0,0,2.05380981721093,0
1.2,600,0,0,0,0,0,0,2.22222225533591,0,0,0,0,0,0,2.05380981721093,0
1.25,600,0,0,0,0,0,0,2.22222225533591,0,0,0,0,0,0,2.05380981721093,0
1.3,600,0,0,0,0,0,0,2.22222225533591,0,0,0,0,0,0,2.05380981721093,0
1.35,600,0,0,0,0,0,0,2.22222225533591,0,0,0,0,0,0,2.05380981721093,0
1.4,600,0,0,0,0,0,0,2.22222225533591,0,0,0,0,0,0,2.05380981721093,0
1.45,600,0,0,0,0,0,0,2.22222225533591,0,0,0,0,0,0,2.05380981721093,0
1.5,600,0,0,0,0,0,0,2.22222225533591,0,0,0,0,0,0,2.05380981721093,0
1.55,600,0,0,0,0,0,0,2.22222225533591,0,0,0,0,0,0,2.05380981721093,0
1.6,600,0,0,0,0,0,0,2.22222225533591,0,0,0,0,0,0,2.05380981721093,0
1.65,600,0,0,0,0,0,0,2.22222225533591,0,0,0,0,0,0,2.05380981721093,0
1.7,600,0,0,0,0,0,0,2.22222225533591,0,0,0,0,0,0,2.05380981721093,0
1.75,600,0,0,0,0,0,0,2.22222225533591,0,0,0,0,0,0,2.05380981721093,0
1.8,600,7.85268988650777,0,0.895996198912367,0,0,0,2.22222225533591,0,0.884180743811817,0,0,0,0.0195443899844245,2.05380981721093,0
1.85,600,15.6976301159334,0,1.79110815772499,0,0.0447998106131876,0,2.22222225533591,0,1.76748890795192,0,0,0,0.0976448171415386,2.05380981721093,0
1.9,600,23.5270786791707,0,2.68445250897637,0,0.134355219833917,0,2.22222225533591,0,2.64905277387942,0,0,0,0.27308183472571,2.05380981721093,0
1.95,600,31.3333088555185,0,3.57514762962033,0,0.268577847282808,0,2.22222225533591,0,3.52800234446522,0,0,0,0.584251852926306,2.05380981721093,0
2,600,39.1086168380206,0,4.46231451108151,0,0.447335231427517,0,2.22222225533591,0,4.40347020257415,0,0,0,1.06901560577381,2.05380981721093,0
2.05,600,46.8453293361939,0,5.34507762673078,0,0.670450960306276,0,2.22222225533591,0,5.27459236710104,0,0,0,1.76454873211508,2.05380981721093,0
2.1,600,54.53581114864,3.92634500176098,6.22256579592432,0,0.937704845625208,0,2.22222225533591,0,6.14050914561574,0.221045189246784,0,0.221045189246784,2.70719506034636,2.05380981721093,0
2.15,600,62.1724726980667,2.94475873669396,7.09391304375376,0,1.2488331400576,0,2.22222225533591,0,7.00036598277579,0.165783891111631,0,0.165783891111631,3.93232317592231,2.05380981721093,0
2.2,600,69.7477775212856,10.0573842164735,7.95825945565889,0,1.60352879753066,0,2.22222225533591,0,7.85331430366939,0.56621015128852,0,0.56621015128852,5.47418683770332,2.05380981721093,0
2.25,600,77.2542497067911,19.3065776397642,8.81475202605955,0,2.00144177624297,0,2.22222225533591,0,8.69851235125644,1.08692081469544,0,1.08692081469544,7.36578979401442,2.05380981721093,0
2.3,600,84.6844812725826,30.1465878191111,9.66254550016916,0,2.44217938411345,0,2.22222225533591,0,9.5351260170811,1.69719120623162,0,1.69719120623162,9.63875553192467,2.05380981721093,0
2.35,600,92.0311394769488,46.0326057691504,10.5008032081592,0,2.92530666632107,0,2.22222225533591,0,10.3623296644362,2.59154150977583,0,2.59154150977583,12.3232024737874,2.05380981721093,0
2.4,600,99.286974054999,54.0787628657702,11.3286978908513,0,3.45034683455274,0,2.22222225533591,0,11.179306943167,3.04452368972537,0,3.04452368972537,15.4476251135835,2.05380981721093,0
2.45,600,106.444824373799,67.826977928512,12.0334129879204,0,4.01678173753584,0,2.22222225533591,0,11.929990297175,3.81852006523141,0.0552612981351535,3.81852006523141,19.0056655335929,2.05380981721093,0
2.5,600,113.49762649905,81.9564700059632,12.7821417937476,0,4.61845239589745,0,2.22222225533591,0,12.6964763039823,4.6139815564708,0.0828919467910015,4.6139815564708,23.0355065802107,2.05380981721093,0
2.55,600,120.438420166344,96.341241479465,13.3292016998161,0,5.25755949510827,0,2.22222225533591,0,13.357151712553,5.42381475533791,0.203721499715882,5.42381475533791,27.4948066322272,2.05380981721093,0
2.6,600,127.260355650098,114.598172017939,13.3508746519802,0,5.9240195900301,0,2.22222225533591,0,13.7519062968208,6.45164258608953,0.577088931908425,6.45164258608953,32.2143540815842,2.05380981721093,0
2.65,600,133.956700523412,124.575754015528,13.8566088246303,0,6.59156333257629,0,2.22222225533591,0,14.3784293519335,7.0133600357515,0.70454690450445,7.0133600357515,37.370425265613,2.05380981721093,0
2.7,600,140.520846302158,139.447385471725,13.6494760089986,0,7.28439378413178,0,2.22222225533591,0,14.6457766442759,7.85060245539856,1.1762955628519,7.85060245539856,42.6983029015754,2.05380981721093,0
2.75,600,146.946314966759,157.562554994363,13.0438589730635,0,7.96686759475136,0,2.22222225533591,0,14.708701984016,8.87044943103958,1.83685169828983,8.87044943103958,48.0226002282408,2.05380981721093,0
2.8,600,153.22676535521,167.815403426051,13.1485566215488,0,8.61906055312297,0,2.22222225533591,0,15.1139369924341,9.4476638176726,2.13876970064764,9.4476638176726,53.6190192011055,2.05380981721093,0
2.85,600,159.35599942104,182.242271186469,12.5937612898255,0,9.27648839399685,0,2.22222225533591,0,15.1852606909645,10.2598669513528,2.75757267382432,10.2598669513528,59.1937176642031,2.05380981721093,0
2.9,600,165.327968350039,195.99625602077,11.924230421508,0,9.90617646787121,0,2.22222225533591,0,15.1911194215663,11.0341881531911,3.42413320413524,11.0341881531911,64.6698532728196,2.05380981721093,0
2.95,600,171.136778529701,208.064715014157,11.0530355602895,0,10.5023879978309,0,2.22222225533591,0,15.0882903182698,11.7136176992228,4.18101056090216,11.7136176992228,69.9242447365666,2.05380981721093,0
3,600,176.776697365515,221.085432439698,9.83723871552509,0,11.0550397840805,0,2.22222225533591,0,14.8059241103224,12.4466574464092,5.09840854819656,12.4466574464092,74.7547852844548,2.05380981721093,0
3.05,600,182.24215893834,229.66377235366,9.490580195176,0,11.5469017271861,0,2.22222225533591,0,14.9425748368067,12.9296004299867,5.57714642721904,12.9296004299867,79.5591848681191,2.05380981721093,0
3.1,600,187.527769497296,237.56415532759,8.42501523663884,0,12.0214307440159,0,2.22222225533591,0,14.7143871909747,13.3743758251217,6.40047219044269,13.3743758251217,83.9478635871478,2.05380981721093,0
3.15,600,192.628312782745,245.288952935248,7.4630341051479,0,12.442681512125,0,2.22222225533591,0,14.5268895726047,13.8092661234302,7.16227010860184,13.8092661234302,87.9411738353048,2.05380981721093,0
3.2,600,197.538755174111,251.399275321819,6.45382296315882,0,12.8158332229427,0,2.22222225533591,0,14.3053860674875,14.1532647704397,7.93666933082902,14.1532647704397,91.4825076498983,2.05380981721093,0
3.25,600,202.254250657453,255.551404750034,5.0781533606825,0,13.1385243759092,0,2.22222225533591,0,13.8920944544124,14.3870211608805,8.88090643699771,14.3870211608805,94.3355024221014,2.05380981721093,0
3.3,600,206.7701456079,259.122130768288,4.50239123136201,0,13.3924320477268,0,2.22222225533591,0,13.8622453073041,14.5880457290475,9.41922687406766,14.5880457290475,96.9215027120038,2.05380981721093,0
3.35,600,211.081983382213,260.089654319663,3.46043093362346,0,13.6175516126494,0,2.22222225533591,0,13.5908829399809,14.6425153251778,10.1760845284311,14.6425153251778,98.9504878112002,2.05380981721093,0
3.4,600,215.185508716957,261.422116230828,2.53348959414737,0,13.7905731619088,0,2.22222225533591,0,13.3645441132051,14.7175302042029,10.8644635140777,14.7175302042029,100.464849631393,2.05380981721093,0
3.45,600,219.07667192793,261.408159181475,1.70574707537496,0,13.9172476435038,0,2.22222225533591,0,13.1751950789275,14.7167444508841,11.4919416011888,14.7167444508841,101.502875736927,2.05380981721093,0
3.5,600,222.751632906714,259.581456955843,0.776618669440555,0,14.0025349985434,0,2.22222225533591,0,12.9236498430049,14.6139048535025,12.1572724034158,14.6139048535025,101.983412068432,2.05380981721093,0
3.55,600,226.2067649104,259.195051782895,0.333816308878298,0,14.0413659325941,0,2.22222225533591,0,12.8996851302132,14.5921510329539,12.5702708395735,14.5921510329539,102.193166258517,2.05380981721093,0
3.6,600,229.43865814074,256.086339376134,-0.217936854371324,0,14.0580567482867,0,2.22222225533591,0,12.8093954942183,14.4171368857106,13.0244584266682,14.4171368857106,102.05426864693,2.05380981721093,0
3.65,600,232.444123109212,253.622255204834,-0.667252564545475,0,14.0471599054058,0,2.22222225533591,0,12.7569017182778,14.2784139890419,13.4153552580878,14.2784139890419,101.623438259237,2.05380981721093,0
3.7,600,235.220193784659,250.5691644008,-0.972280801785711,0,14.0137972766814,0,2.22222225533591,0,12.7626858938224,14.1065312242154,13.7221452794319,14.1065312242154,100.988160253635,2.05380981721093,0
3.75,600,237.764130520401,246.433418350455,-1.18596132351307,0,13.9651832358677,0,2.22222225533591,0,12.8004729625484,13.8736971844239,13.9707950760001,13.8736971844239,100.204885067196,2.05380981721093,0
3.8,600,240.073422757939,244.172443283646,-1.30082676264023,0,13.9058851688084,0,2.22222225533591,0,12.873806032803,13.7464089147225,14.1574788608326,13.7464089147225,99.3374019061528,2.05380981721093,0
3.85,600,242.145791504569,240.518850970648,-1.29563100658318,0,13.8408438297072,0,2.22222225533591,0,12.993039772564,13.5407191437281,14.2715853607004,13.5407191437281,98.4659252387586,2.05380981721093,0
3.9,600,243.979191582479,237.672237636736,-1.24886378263912,0,13.7760622784127,0,2.22222225533591,0,13.1193316988249,13.3804606379613,14.351726779958,13.3804606379613,97.6195452925773,2.05380981721093,0
3.95,600,245.571813647087,235.136332180179,-1.10028683290987,0,13.7136190883503,0,2.22222225533591,0,13.2823018987562,13.2376943498982,14.3680793066398,13.2376943498982,96.8689913005885,2.05380981721093,0
4,600,246.922085972647,233.026981699114,-0.813698425561078,0,13.658604745885,0,2.22222225533591,0,13.4997240581579,13.1189422341097,14.3026922850594,13.1189422341097,96.3108798684048,2.05380981721093,0
4.05,600,248.028676003356,231.419283296135,-0.675134533866011,0,13.6179198240007,0,2.22222225533591,0,13.630391140952,13.028432103803,14.2966227109645,13.028432103803,95.8457334043654,2.05380981721093,0
4.1,600,248.89049166842,230.406994529234,-0.362512317725177,0,13.5841630968044,0,2.22222225533591,0,13.833159441038,12.9714423176401,14.1908913277539,12.9714423176401,95.5951059867572,2.05380981721093,0
4.15,600,249.5066824598,229.973425101667,-0.0669935560883346,0,13.566037480648,0,2.22222225533591,0,14.0136606072787,12.9470332460671,14.0797707228402,12.9470332460671,95.5486744862715,2.05380981721093,0
4.2,600,249.876640271562,230.177724388462,0.248346343821183,0,13.5626878027937,0,2.22222225533591,0,14.1900792396039,12.9585348778627,13.945007826054,12.9585348778627,95.7210521277783,2.05380981721093,0
4.25,600,250,231.615463259295,0.620804473651393,0,13.5751051201698,0,2.22222225533591,0,14.3807974118459,13.0394766342922,13.7681794543801,13.0394766342922,96.1521663520159,2.05380981721093,0
4.3,600,250,231.970072354424,0.817254460470256,0,13.6061453443149,0,2.22222225533591,0,14.477727117395,13.0594404007229,13.671249748831,13.0594404007229,96.7197041802439,2.05380981721093,0
4.35,600,250,233.925221852788,1.09709851082907,0,13.6470080679473,0,2.22222225533591,0,14.6158039981328,13.1695113167218,13.5331728680932,13.1695113167218,97.4815781574502,2.05380981721093,0
4.4,600,250,235.9718319005,1.35284136439396,0,13.7018629943062,0,2.22222225533591,0,14.7419891910857,13.2847312744963,13.4069876751403,13.2847312744963,98.4210513411675,2.05380981721093,0
4.45,600,250,238.407214265018,1.57352417914677,0,13.7695050635338,0,2.22222225533591,0,14.8508755320832,13.4218383181748,13.2981013341428,13.4218383181748,99.5137764818578,2.05380981721093,0
4.5,600,250,241.818710074119,1.74557625151325,0,13.8481812736635,0,2.22222225533591,0,14.9357671474182,13.613898551394,13.2132097188078,13.613898551394,100.725982230139,2.05380981721093,0
4.55,600,250,243.593916965924,1.8804429702461,0,13.9354600875397,0,2.22222225533591,0,15.002311266595,13.7138390668544,13.146665599631,13.7138390668544,102.03184542338,2.05380981721093,0
4.6,600,250,246.55565141057,1.93475364575684,0,14.0294822374531,0,2.22222225533591,0,15.029108508329,13.8805786555869,13.119868357897,13.8805786555869,103.375424364065,2.05380981721093,0
4.65,600,250,249.207383983055,1.96537137924729,0,14.1262199211824,0,2.22222225533591,0,15.0442154978476,14.0298657732634,13.1047613683784,14.0298657732634,104.740265619991,2.05380981721093,0
4.7,600,250,251.809335718215,1.93256377239426,0,14.2244884916091,0,2.22222225533591,0,15.0280280105205,14.1763503316636,13.1209488557055,14.1763503316636,106.082323815263,2.05380981721093,0
4.75,600,250,254.321144897546,1.84957823584021,0,14.3211166816687,0,2.22222225533591,0,14.9870824052127,14.3177600486263,13.1618944610133,14.3177600486263,107.366753164847,2.05380981721093,0
4.8,600,250,257.065503559932,1.62055608412334,0,14.4135955948388,0,2.22222225533591,0,14.8740813809337,14.4722618256265,13.2748954852923,14.4722618256265,108.492139351147,2.05380981721093,0
4.85,600,250,258.746797847721,1.54610285575152,0,14.4946234002523,0,2.22222225533591,0,14.8373456721657,14.5669152536511,13.3116311940603,14.5669152536511,109.565821905862,2.05380981721093,0
4.9,600,250,260.680242984559,1.34231153079432,0,14.5719285441918,0,2.22222225533591,0,14.7367937024688,14.6757642585091,13.4121831637572,14.6757642585091,110.497982705026,2.05380981721093,0
4.95,600,250,262.249324237336,1.10498415771021,0,14.6390441217317,0,2.22222225533591,0,14.6196948277665,14.7641003222804,13.5292820384595,14.7641003222804,111.265332825982,2.05380981721093,0
5,600,250,263.493220157037,0.851347594459849,0,14.6942933304404,0,2.22222225533591,0,14.4945488922007,14.8341291172157,13.6544279740253,14.8341291172157,111.856546442055,2.05380981721093,0
5.05,600,250,264.172433521537,0.515249443445377,0,14.7368607107977,0,2.22222225533591,0,14.3287158710794,14.8723674397847,13.8202609951467,14.8723674397847,112.214358560891,2.05380981721093,0
5.1,600,250,264.863669004957,0.334825531830212,0,14.7626231833539,0,2.22222225533591,0,14.2396935356236,14.9112825830486,13.9092833306024,14.9112825830486,112.446876294793,2.05380981721093,0
5.15,600,250,264.698471159375,0.0495746921925573,0,14.7793644601949,0,2.22222225533591,0,14.0989489097703,14.9019822823813,14.0500279564557,14.9019822823813,112.481303164884,2.05380981721093,0
5.2,600,250,264.411442027348,-0.212322585991625,0,14.7818431948414,0,2.22222225533591,0,13.9697270835459,14.8858231295866,14.1792497826801,14.8858231295866,112.333856922415,2.05380981721093,0
5.25,600,250,263.749653190197,-0.463897330629784,0,14.7712270653837,0,2.22222225533591,0,13.845598462739,14.848565772252,14.303378403487,14.848565772252,112.011705993566,2.05380981721093,0
5.3,600,250,262.177585016063,-0.732818946761689,0,14.7480321985066,0,2.22222225533591,0,13.7129107823296,14.7600615509203,14.4360660838964,14.7600615509203,111.502803939621,2.05380981721093,0
5.35,600,250,261.55426429151,-0.899027856615206,0,14.7113912506225,0,2.22222225533591,0,13.6309022215116,14.724969869609,14.5180746447144,14.724969869609,110.878479029891,2.05380981721093,0
5.4,600,250,259.794635485473,-1.07854149375166,0,14.6664398571219,0,2.22222225533591,0,13.5423290214242,14.6259063685004,14.6066478448018,14.6259063685004,110.129491870291,2.05380981721093,0
5.45,600,250,258.079596070065,-1.23289430764372,0,14.6125127816307,0,2.22222225533591,0,13.4661703357276,14.5293531588424,14.6828065304984,14.5293531588424,109.273315255003,2.05380981721093,0
5.5,600,250,256.168317653397,-1.34394662634754,0,14.55086806533,0,2.22222225533591,0,13.4113763969404,14.421752094971,14.7376004692856,14.421752094971,108.340018972799,2.05380981721093,0
5.55,600,250,253.609815955647,-1.40017070261612,0,14.4836707330113,0,2.22222225533591,0,13.3836350707854,14.2777136847667,14.7653417954406,14.2777136847667,107.367678192604,2.05380981721093,0
5.6,600,250,252.242152544318,-1.46121637670416,0,14.4136621968373,0,2.22222225533591,0,13.3535147368001,14.2007170333141,14.7954621294259,14.2007170333141,106.35294458255,2.05380981721093,0
5.65,600,250,250.075971422658,-1.44327955525961,0,14.3406013769134,0,2.22222225533591,0,13.3623648815584,14.0787654687508,14.7866119846676,14.0787654687508,105.350667098684,2.05380981721093,0
5.7,600,250,248.087163552121,-1.41204663032032,0,14.268437398075,0,2.22222225533591,0,13.3777754105527,13.9667996552726,14.7712014556733,13.9667996552726,104.37007914635,2.05380981721093,0
5.75,600,250,246.202234296119,-1.33842828436639,0,14.197835065507,0,2.22222225533591,0,13.4140991828872,13.8606819952292,14.7348776833388,13.8606819952292,103.440615046134,2.05380981721093,0
5.8,600,250,244.207021436699,-1.17977331302486,0,14.1309136502914,0,2.22222225533591,0,13.4923805811456,13.7483555939832,14.6565962850804,13.7483555939832,102.621328010992,2.05380981721093,0
5.85,600,250,242.953932986089,-1.1153015633607,0,14.0719249837612,0,2.22222225533591,0,13.5241913631791,13.6778092783681,14.6247855030469,13.6778092783681,101.846813024895,2.05380981721093,0
5.9,600,250,241.647605702134,-0.939446662233866,0,14.0161599047622,0,2.22222225533591,0,13.6109593190421,13.6042657253765,14.5380175471839,13.6042657253765,101.194419499733,2.05380981721093,0
5.95,600,250,240.53410611783,-0.768542701173256,0,13.9691875709506,0,2.22222225533591,0,13.6952844487661,13.5415779772983,14.4536924174599,13.5415779772983,100.660709282632,2.05380981721093,0
6,600,250,239.738281906963,-0.578574118239228,0,13.9307604353193,0,2.22222225533591,0,13.7890161873401,13.4967747026957,14.3599606788859,13.4967747026957,100.258921694535,2.05380981721093,0
6.05,600,250,239.37114813229,-0.32559880038065,0,13.9018317289763,0,2.22222225533591,0,13.9138358601142,13.4761058224356,14.2351410061118,13.4761058224356,100.032811413123,2.05380981721093,0
6.1,600,250,238.934496323348,-0.189635177768189,0,13.8855517887146,0,2.22222225533591,0,13.9809211988237,13.4515232190986,14.1680556674023,13.4515232190986,99.9011203154886,2.05380981721093,0
6.15,600,250,239.115929927711,0.0230191232343131,0,13.8760700296849,0,2.22222225533591,0,14.085846218742,13.4617375597625,14.063130647484,13.4617375597625,99.9171058179729,2.05380981721093,0
6.2,600,250,239.393265959515,0.21825436763908,0,13.8772209858638,0,2.22222225533591,0,14.1821765624564,13.4773510108493,13.9668003037696,13.4773510108493,100.068671353314,2.05380981721093,0
6.25,600,250,239.986574869189,0.401943964663353,0,13.8881337044084,0,2.22222225533591,0,14.2728102084052,13.5107530883953,13.8761666578208,13.5107530883953,100.347799110712,2.05380981721093,0
6.3,600,250,241.222246348537,0.594174884152693,0,13.908230902941,0,2.22222225533591,0,14.3676581985998,13.5803188641681,13.7813186676262,13.5803188641681,100.760420564189,2.05380981721093,0
6.35,600,250,241.732769283604,0.715647078589551,0,13.9379396475913,0,2.22222225533591,0,14.4275933720749,13.6090602607459,13.7213834941511,13.6090602607459,101.257397709504,2.05380981721093,0
6.4,600,250,243.086173731297,0.839924759566035,0,13.973722002054,0,2.22222225533591,0,14.4889127909175,13.6852541617233,13.6600640753085,13.6852541617233,101.840678801227,2.05380981721093,0
6.45,600,250,244.399130161788,0.945588572408649,0,14.0157182406581,0,2.22222225533591,0,14.5410480057469,13.7591709220999,13.6079288604791,13.7591709220999,102.497337541851,2.05380981721093,0
6.5,600,250,245.84978369292,1.0196610132669,0,14.0629976699831,0,2.22222225533591,0,14.5775958314706,13.8408397474773,13.5713810347554,13.8408397474773,103.205435478283,2.05380981721093,0
6.55,600,250,247.76801712205,1.05038007759633,0,14.1139807214061,0,2.22222225533591,0,14.5927528182865,13.9488323643185,13.5562240479395,13.9488323643185,103.934866098594,2.05380981721093,0
6.6,600,250,248.804219089193,1.09034359352739,0,14.1664997260685,0,2.22222225533591,0,14.6124710778529,14.0071684147223,13.5365057883731,14.0071684147223,104.692049160938,2.05380981721093,0
6.65,600,250,250.405031220672,1.06814431457078,0,14.2210169065573,0,2.22222225533591,0,14.6015178087409,14.0972908620346,13.5474590574851,14.0972908620346,105.433816057109,2.05380981721093,0
6.7,600,250,251.871791968904,1.03693211888633,0,14.2744241230816,0,2.22222225533591,0,14.5861175076962,14.1798664907751,13.5628593585298,14.1798664907751,106.153907817066,2.05380981721093,0
6.75,600,250,253.244161141575,0.974916925256672,0,14.3262707297985,0,2.22222225533591,0,14.5555188064419,14.257128066962,13.5934580597841,14.257128066962,106.830933469694,2.05380981721093,0
6.8,600,250,254.667249140505,0.84957317811682,0,14.3750165767877,0,2.22222225533591,0,14.493673383597,14.337245009283,13.655303482629,14.337245009283,107.420914852178,2.05380981721093,0
6.85,600,250,255.572268710441,0.796945458617849,0,14.4174952363265,0,2.22222225533591,0,14.4677065233424,14.3881957591582,13.6812703428836,14.3881957591582,107.974349206687,2.05380981721093,0
6.9,600,250,256.480636815384,0.661376707867994,0,14.4573425098512,0,2.22222225533591,0,14.4008160169869,14.4393350247023,13.7481608492391,14.4393350247023,108.433638593995,2.05380981721093,0
6.95,600,250,257.249474953593,0.53014234247112,0,14.4904113457374,0,2.22222225533591,0,14.3360641246512,14.4826190386349,13.8129127415748,14.4826190386349,108.801793003974,2.05380981721093,0
7,600,250,257.777463823502,0.386053183910512,0,14.5169184632559,0,2.22222225533591,0,14.2649695934769,14.5123437316044,13.8840072727491,14.5123437316044,109.069885496796,2.05380981721093,0
7.05,600,250,257.969189599567,0.19699974621048,0,14.5362211227391,0,2.22222225533591,0,14.1716893935337,14.5231375004746,13.9772874726923,14.5231375004746,109.206690878147,2.05380981721093,0
7.1,600,250,258.248862322929,0.0943566869962567,0,14.5460711101964,0,2.22222225533591,0,14.1210446382583,14.5388825025146,14.0279322279677,14.5388825025146,109.272216356205,2.05380981721093,0
7.15,600,250,258.048104051118,-0.0623664052012067,0,14.5507889446165,0,2.22222225533591,0,14.0437164417772,14.5275802226168,14.1052604244488,14.5275802226168,109.228906351947,2.05380981721093,0
7.2,600,250,257.782225381481,-0.205724530782113,0,14.54767062431,0,2.22222225533591,0,13.9729826070458,14.5126117975751,14.1759942591802,14.5126117975751,109.086042092331,2.05380981721093,0
7.25,600,250,257.285778464487,-0.339154448869483,0,14.5373843976176,0,2.22222225533591,0,13.9071474146843,14.4846628520116,14.2418294515417,14.4846628520116,108.850518165995,2.05380981721093,0
7.3,600,250,256.310195662435,-0.476219054718314,0,14.5204266749214,0,2.22222225533591,0,13.8395188436609,14.4297395365595,14.3094580225651,14.4297395365595,108.51981048418,2.05380981721093,0
7.35,600,250,255.894215120099,-0.563956553864365,0,14.4966157218307,0,2.22222225533591,0,13.7962285889984,14.4063206832335,14.3527482772276,14.4063206832335,108.128173982605,2.05380981721093,0
7.4,600,250,254.852297618483,-0.650289636612609,0,14.4684178937173,0,2.22222225533591,0,13.7536312825519,14.3476628599345,14.3953455836741,14.3476628599345,107.67658395045,2.05380981721093,0
7.45,600,250,253.84596341791,-0.723017151038356,0,14.4359034114022,0,2.22222225533591,0,13.717747052307,14.2910083036712,14.431229813919,14.2910083036712,107.174488699192,2.05380981721093,0
7.5,600,250,252.747824634953,-0.771836129424575,0,14.3997525533115,0,2.22222225533591,0,13.6936594497736,14.2291853372765,14.4553174164524,14.2291853372765,106.638491379104,2.05380981721093,0
7.55,600,250,251.31776409971,-0.786704921406496,0,14.3611607462653,0,2.22222225533591,0,13.6863230907745,14.1486758554287,14.4626537754515,14.1486758554287,106.092168508875,2.05380981721093,0
7.6,600,250,250.537570329986,-0.812017731546426,0,14.3218254996088,0,2.22222225533591,0,13.6738335850575,14.1047525426785,14.4751432811685,14.1047525426785,105.52826729801,2.05380981721093,0
7.65,600,250,249.359757970098,-0.789012489984117,0,14.2812246124265,0,2.22222225533591,0,13.6851845213789,14.038444116936,14.4637923448471,14.038444116936,104.980341949578,2.05380981721093,0
7.7,600,250,248.284161454202,-0.759892657032129,0,14.2417739873394,0,2.22222225533591,0,13.6995524369964,13.9778902340493,14.4494244292296,13.9778902340493,104.452638707665,2.05380981721093,0
7.75,600,250,247.288303967512,-0.708331943184533,0,14.2037793539216,0,2.22222225533591,0,13.7249928296993,13.9218254953395,14.4239840365267,13.9218254953395,103.960741517568,2.05380981721093,0
7.8,600,250,246.27509640916,-0.609631028295976,0,14.1683627562347,0,2.22222225533591,0,13.7736925052375,13.8647839830981,14.3752843609885,13.8647839830981,103.537386630498,2.05380981721093,0
7.85,600,250,245.622155568358,-0.566929901479263,0,14.1378812043656,0,2.22222225533591,0,13.7947615198808,13.8280247498525,14.3542153463452,13.8280247498525,103.14368530416,2.05380981721093,0
7.9,600,250,244.992906848844,-0.462786825179144,0,14.1095347088693,0,2.22222225533591,0,13.8461463933756,13.7925993345552,14.3028304728504,13.7925993345552,102.822305559663,2.05380981721093,0
7.95,600,250,244.46550867807,-0.362424384349495,0,14.0863953672655,0,2.22222225533591,0,13.8956658766565,13.7629078967383,14.2533109895695,13.7629078967383,102.57062195567,2.05380981721093,0
8,600,250,244.120365687229,-0.253555295439803,0,14.068274147778,0,2.22222225533591,0,13.9493825956153,13.7434770526089,14.1995942706107,13.7434770526089,102.394541886769,2.05380981721093,0
8.05,600,250,244.038283560084,-0.112814970415762,0,14.0555963828171,0,2.22222225533591,0,14.0188247904679,13.7388559968126,14.1301520757581,13.7388559968126,102.316198156146,2.05380981721093,0
8.1,600,250,243.863749861272,-0.0356666981884786,0,14.0499556342123,0,2.22222225533591,0,14.0568902514623,13.7290301067122,14.0920866147637,13.7290301067122,102.291429615368,2.05380981721093,0
8.150001,600,250,244.062080334362,0.0795033608946873,0,14.0481722992763,0,2.22222225533591,0,14.1137159102255,13.7401957065099,14.0352609560005,13.7401957065099,102.346640283479,2.05380981721093,0
8.2,600,250,244.304388493746,0.184506131568018,0,14.0521474673803,0,2.22222225533591,0,14.1655249625345,13.7538371600559,13.9834519036915,13.7538371600559,102.474769543422,2.05380981721093,0
8.25,600,250,244.714302303109,0.28120761497161,0,14.0613727740961,0,2.22222225533591,0,14.2132381055296,13.7769144687297,13.9357387606964,13.7769144687297,102.670052612284,2.05380981721093,0
8.3,600,250,245.241636787861,0.368777832120404,0,14.0754331550542,0,2.22222225533591,0,14.2564458221629,13.8066023211538,13.8925310440631,13.8066023211538,102.926148332851,2.05380981721093,0
8.35,600,250,245.87567527027,0.444300745676497,0,14.093872046935,0,2.22222225533591,0,14.2937093205818,13.842297390301,13.8552675456443,13.842297390301,103.234690521946,2.05380981721093,0
8.400001,600,250,246.659573223454,0.503284334465828,0,14.1160870845499,0,2.22222225533591,0,14.3228122082233,13.8864292410004,13.8261646580027,13.8864292410004,103.584193537199,2.05380981721093,0
8.45,600,250,247.416532409804,0.552500623468596,0,14.1412513016481,0,2.22222225533591,0,14.3470958464078,13.9290444942509,13.8018810198182,13.9290444942509,103.967874531437,2.05380981721093,0
8.5,600,250,248.236595158461,0.58375543616576,0,14.1688763332332,0,2.22222225533591,0,14.3625171749647,13.9752123489325,13.7864596912613,13.9752123489325,104.373260257037,2.05380981721093,0
8.55,600,250,249.081708541011,0.600284672184021,0,14.1980641054764,0,2.22222225533591,0,14.3706728078876,14.0227905030419,13.7783040583384,14.0227905030419,104.790124618932,2.05380981721093,0
8.6,600,250,249.927421363144,0.600988751658011,0,14.2280783395329,0,2.22222225533591,0,14.3710202052949,14.0704024043733,13.7779566609311,14.0704024043733,105.207477924914,2.05380981721093,0
8.650001,600,250,250.753576703736,0.586474522957054,0,14.2581277775635,0,2.22222225533591,0,14.3638587901325,14.1169132595138,13.7851180760935,14.1169132595138,105.614751905258,2.05380981721093,0
8.7,600,250,251.538667688315,0.557502817053933,0,14.2874515041483,0,2.22222225533591,0,14.3495639613676,14.1611122754394,13.7994129048584,14.1611122754394,106.001906645092,2.05380981721093,0
8.75,600,250,252.256721917968,0.513413241402137,0,14.3153266454164,0,2.22222225533591,0,14.327809877008,14.2015372592378,13.821166989218,14.2015372592378,106.358443623601,2.05380981721093,0
8.8,600,250,252.903097939158,0.458753695503646,0,14.340997307869,0,2.22222225533591,0,14.3008405003479,14.2379269065725,13.8481363658781,14.2379269065725,106.677022583559,2.05380981721093,0
8.85,600,250,253.456360811024,0.3943666342137,0,14.363934992986,0,2.22222225533591,0,14.2690715041109,14.2690744741347,13.8799053621151,14.2690744741347,106.950888305844,2.05380981721093,0
8.900001,600,250,253.909067019334,0.297845289734418,0,14.3836533249905,0,2.22222225533591,0,14.2214472428367,14.2945609073045,13.9275296233893,14.2945609073045,107.157725315686,2.05380981721093,0
8.95,600,250,254.247054000526,0.249578355658414,0,14.3985455896992,0,2.22222225533591,0,14.1976320225687,14.3135888827338,13.9513448436573,14.3135888827338,107.331043620809,2.05380981721093,0
9,600,250,254.470285507246,0.165687887269375,0,14.411024507668,0,2.22222225533591,0,14.1562399179878,14.3261563597708,13.9927369482382,14.3261563597708,107.44610465535,2.05380981721093,0
9.05,600,250,254.574230679289,0.0803752085740044,0,14.419308902155,0,2.22222225533591,0,14.1141460855602,14.3320082602572,14.0348307806658,14.3320082602572,107.501920773247,2.05380981721093,0
9.1,600,250,254.555587091763,-0.00409189524255993,0,14.4233276626435,0,2.22222225533591,0,14.0724694652962,14.3309586644292,14.0765074009298,14.3309586644292,107.499079179286,2.05380981721093,0
9.150001,600,250,254.280767328621,-0.101662086295612,0,14.4231230678784,0,2.22222225533591,0,14.0243276962776,14.3154868741191,14.1246491699484,14.3154868741191,107.428480507196,2.05380981721093,0
9.2,600,250,254.21572778003,-0.15905783012931,0,14.4180399634878,0,2.22222225533591,0,13.9960082616996,14.3118252806217,14.1529686045264,14.3118252806217,107.318023679071,2.05380981721093,0
9.25,600,250,253.814389751115,-0.230800043394414,0,14.4100870718629,0,2.22222225533591,0,13.9606101854776,14.2892307708388,14.1883666807484,14.2892307708388,107.15774586877,2.05380981721093,0
9.3,600,250,253.40763096344,-0.294247827942712,0,14.3985470695212,0,2.22222225533591,0,13.9293046345147,14.26633108343,14.2196722317113,14.26633108343,106.95340709632,2.05380981721093,0
9.35,600,250,252.918753660697,-0.348201375379301,0,14.3838346779048,0,2.22222225533591,0,13.9026836021032,14.2388082916593,14.2462932641228,14.2388082916593,106.711600582037,2.05380981721093,0
9.400001,600,250,252.180099687445,-0.391099775121251,0,14.3664246088764,0,2.22222225533591,0,13.8815172517112,14.1972235844489,14.2674596145148,14.1972235844489,106.440003511933,2.05380981721093,0
9.45,600,250,251.811180860832,-0.423805385652066,0,14.346869619829,0,2.22222225533591,0,13.8653800900351,14.1764542094172,14.2835967761909,14.1764542094172,106.145694211956,2.05380981721093,0
9.5,600,250,251.13563892138,-0.439963511212017,0,14.3256793502306,0,2.22222225533591,0,13.8574075654343,14.1384225805656,14.2915693007917,14.1384225805656,105.840163991284,2.05380981721093,0
9.55,600,250,250.503225522906,-0.450226843302431,0,14.3036811743422,0,2.22222225533591,0,13.8523435704013,14.1028190003186,14.2966332958247,14.1028190003186,105.527506456554,2.05380981721093,0
9.6,600,250,249.87172469769,-0.446476120164103,0,14.2811698318416,0,2.22222225533591,0,13.8541942016754,14.0672667960786,14.2947826645507,14.0672667960786,105.217453590709,2.05380981721093,0
9.650001,600,250,249.140866888852,-0.418114935844347,0,14.2588460255008,0,2.22222225533591,0,13.8681877951067,14.0261209969716,14.2807890711193,14.0261209969716,104.927095992046,2.05380981721093,0
9.7,600,250,248.710938456819,-0.410789339637233,0,14.237940278397,0,2.22222225533591,0,13.8718022920829,14.0019169059967,14.2771745741431,14.0019169059967,104.641825613047,2.05380981721093,0
9.75,600,250,248.176284672368,-0.370279644965564,0,14.2174008111091,0,2.22222225533591,0,13.8917900398043,13.9718169919768,14.2571868264217,13.9718169919768,104.384686966878,2.05380981721093,0
9.8,600,250,247.703634707,-0.329373914124655,0,14.198886828585,0,2.22222225533591,0,13.9119731943562,13.9452077660949,14.2370036718699,13.9452077660949,104.155955078661,2.05380981721093,0
9.85,600,250,247.313743973199,-0.279424689926088,0,14.1824181326333,0,2.22222225533591,0,13.9366184675495,13.9232577156026,14.2123583986765,13.9232577156026,103.961910152209,2.05380981721093,0
9.900001,600,250,247.007056472244,-0.205909445860364,0,14.1684468979288,0,2.22222225533591,0,13.9728913687395,13.9059918368635,14.1760854974865,13.9059918368635,103.818917479342,2.05380981721093,0
9.95,600,250,246.768822825615,-0.168786660497883,0,14.1581514254824,0,2.22222225533591,0,13.9912079933044,13.8925797700481,14.1577688729216,13.8925797700481,103.701704518917,2.05380981721093,0
10,600,250,246.660506387415,-0.102083105241032,0,14.1497120923318,0,2.22222225533591,0,14.0241199627823,13.8864817762219,14.1248569034437,13.8864817762219,103.630813472554,2.05380981721093,0
10.05,600,250,246.595319806978,-0.0397916717195841,0,14.1446079369936,0,2.22222225533591,0,14.0548549626021,13.8828119051325,14.094121903624,13.8828119051325,103.603180366781,2.05380981721093,0
10.1,600,250,246.635188639726,0.0221779755183036,0,14.142618353378,0,2.22222225533591,0,14.0854311909695,13.8850564388339,14.0635456752565,13.8850564388339,103.618581738899,2.05380981721093,0
10.15,600,250,246.864158016344,0.0932593021338377,0,14.1437272521705,0,2.22222225533591,0,14.1205031814056,13.8979469462048,14.0284736848205,13.8979469462048,103.683345144123,2.05380981721093,0
10.2,600,250,246.926443798643,0.135448610321632,0,14.1483902173466,0,2.22222225533591,0,14.1413196613971,13.9014535082949,14.0076572048289,13.9014535082949,103.77740668047,2.05380981721093,0
10.25,600,250,247.243674962357,0.186960580726364,0,14.1551626479636,0,2.22222225533591,0,14.1667360037672,13.9193129736722,13.9822408624588,13.9193129736722,103.907240419021,2.05380981721093,0
10.3,600,250,247.562936214041,0.232390205692557,0,14.1645106771392,0,2.22222225533591,0,14.1891512772039,13.9372867288481,13.9598255890221,13.9372867288481,104.068622508712,2.05380981721093,0
10.35,600,250,247.948532978538,0.26955216546261,0,14.176130187597,0,2.22222225533591,0,14.2074872306772,13.9589950376551,13.9414896355488,13.9589950376551,104.255811515295,2.05380981721093,0
10.4,600,250,248.50999279553,0.298145827367396,0,14.189607796071,0,2.22222225533591,0,14.2215955300661,13.9906040764547,13.9273813361599,13.9906040764547,104.46285723183,2.05380981721093,0
10.45,600,250,248.795309058578,0.320728337596666,0,14.2045150876615,0,2.22222225533591,0,14.232737887989,14.0066667982309,13.916238978237,14.0066667982309,104.685585247368,2.05380981721093,0
10.5,600,250,249.300817595406,0.329996573491933,0,14.2205515047803,0,2.22222225533591,0,14.2373108960652,14.0351258944486,13.9116659701608,14.0351258944486,104.91474953793,2.05380981721093,0
10.55,600,250,249.772387881227,0.335171039919612,0,14.2370513337007,0,2.22222225533591,0,14.2398640115697,14.0616743365814,13.9091128546563,14.0616743365814,105.14750720801,2.05380981721093,0
10.6,600,250,250.238930898273,0.330002827386796,0,14.2538098859464,0,2.22222225533591,0,14.2373139817777,14.0879397537692,13.9116628844483,14.0879397537692,105.376675841554,2.05380981721093,0
10.65,600,250,250.769800453752,0.306020496687765,0,14.2703100275617,0,2.22222225533591,0,14.2254809432997,14.1178266234415,13.9234959229263,14.1178266234415,105.589190078532,2.05380981721093,0
10.7,600,250,251.086528905216,0.299032949200189,0,14.285611052624,0,2.22222225533591,0,14.2220332417679,14.1356577871478,13.9269436244581,14.1356577871478,105.796851851904,2.05380981721093,0
10.75,600,250,251.468149099652,0.266777370089724,0,14.3005627003069,0,2.22222225533591,0,14.2061181285316,14.1571422231976,13.9428587376944,14.1571422231976,105.982113917227,2.05380981721093,0
10.8,600,250,251.803843653833,0.234447000449403,0,14.3139015690101,0,2.22222225533591,0,14.1901661131598,14.176041139677,13.9588107530662,14.176041139677,106.144924336632,2.05380981721093,0
10.85,600,250,252.075921736778,0.195779523185529,0,14.3256239192072,0,2.22222225533591,0,14.1710873275299,14.1913585790023,13.9778895386961,14.1913585790023,106.28088234087,2.05380981721093,0
10.9,600,250,252.27999400057,0.140019105106763,0,14.3354128955124,0,2.22222225533591,0,14.1435747733516,14.2028474298674,14.0054020928744,14.2028474298674,106.378117831976,2.05380981721093,0
10.95,600,250,252.444372009893,0.11150699512816,0,14.3424138508721,0,2.22222225533591,0,14.1295067122153,14.2121015754309,14.0194701540107,14.2121015754309,106.455553246414,2.05380981721093,0
11,600,250,252.503785217573,0.0616715826978336,0,14.3479892007115,0,2.22222225533591,0,14.1049175944911,14.2154464174479,14.0440592717349,14.2154464174479,106.498380735036,2.05380981721093,0
11.05,600,250,252.533035056961,0.0152603011621189,0,14.3510727798924,0,2.22222225533591,0,14.0820179652967,14.2170931235524,14.0669589009293,14.2170931235524,106.508978166557,2.05380981721093,0
11.1,600,250,252.484298848729,-0.0304339280592352,0,14.3518357949619,0,2.22222225533591,0,14.0594721343937,14.2143493747563,14.0895047318323,14.2143493747563,106.487843493979,2.05380981721093,0
11.15,600,250,252.29218685796,-0.0820413974072771,0,14.3503140985362,0,2.22222225533591,0,14.0340086722217,14.2035338627886,14.1149681940043,14.2035338627886,106.430870300486,2.05380981721093,0
11.2,600,250,252.23282524292,-0.112985934696496,0,14.3462120286047,0,2.22222225533591,0,14.018740435576,14.2001919253316,14.13023643065,14.2001919253316,106.352407844666,2.05380981721093,0
11.25,600,250,251.981407788688,-0.149776591314392,0,14.3405627317857,0,2.22222225533591,0,14.0005876855012,14.1860376371257,14.1483891807248,14.1860376371257,106.24839632137,2.05380981721093,0
11.3,600,250,251.730373239451,-0.182058488839527,0,14.3330739021084,0,2.22222225533591,0,13.9846595865873,14.1719049056875,14.1643172796387,14.1719049056875,106.121966813348,2.05380981721093,0
11.35,600,250,251.432905446426,-0.207964681738439,0,14.3239709775308,0,2.22222225533591,0,13.9718773019445,14.1551580776388,14.1770995642815,14.1551580776388,105.977546893322,2.05380981721093,0
11.4,600,250,251.007996820413,-0.226838474979598,0,14.3135727432889,0,2.22222225533591,0,13.9625648491871,14.1312365914711,14.186412017039,14.1312365914711,105.820020172239,2.05380981721093,0
11.45,600,250,250.789433694914,-0.242384026845862,0,14.3022308193709,0,2.22222225533591,0,13.9548945724444,14.1189319347441,14.1940822937816,14.1189319347441,105.651697928865,2.05380981721093,0
11.5,600,250,250.412318461777,-0.24717296286909,0,14.2901116178481,0,2.22222225533591,0,13.9525316801574,14.0977011187972,14.1964451860686,14.0977011187972,105.480050035426,2.05380981721093,0
11.55,600,250,250.061681008891,-0.249071366680461,0,14.2777529695204,0,2.22222225533591,0,13.9515949953277,14.0779609476977,14.1973818708983,14.0779609476977,105.307083805987,2.05380981721093,0
11.6,600,250,249.718092751149,-0.243323452262267,0,14.2652994010008,0,2.22222225533591,0,13.9544310538131,14.0586176318604,14.1945458124129,14.0586176318604,105.138109183843,2.05380981721093,0
11.65,600,250,249.332908541699,-0.22336641213548,0,14.2531332282064,0,2.22222225533591,0,13.9642779876534,14.0369325490583,14.1846988785726,14.0369325490583,104.982993617549,2.05380981721093,0
11.7,600,250,249.100782150844,-0.216883941597001,0,14.2419649074332,0,2.22222225533591,0,13.9674764809223,14.0238643082458,14.1815003853037,14.0238643082458,104.832379766973,2.05380981721093,0
11.75,600,250,248.828572168472,-0.191416202561062,0,14.2311207101918,0,2.22222225533591,0,13.9800424295677,14.0085394432528,14.1689344366583,14.0085394432528,104.699451846547,2.05380981721093,0
11.8,600,250,248.590353600784,-0.166080855330108,0,14.2215498999211,0,2.22222225533591,0,13.9925430552325,13.9951282253508,14.1564338109935,13.9951282253508,104.584117917516,2.05380981721093,0
11.85,600,250,248.401196877475,-0.136322081396017,0,14.2132458570309,0,2.22222225533591,0,14.0072262285004,13.9844790888938,14.1417506377256,13.9844790888938,104.489449804025,2.05380981721093,0
11.9,600,250,248.267763806039,-0.0942001177077749,0,14.2064297528595,0,2.22222225533591,0,14.0280094802764,13.9769670800117,14.1209673859496,13.9769670800117,104.424033054642,2.05380981721093,0
11.95,600,250,248.155095034885,-0.0724095471449608,0,14.2017197469039,0,2.22222225533591,0,14.0387610899996,13.9706240587462,14.1102157762264,13.9706240587462,104.373748646153,2.05380981721093,0
12,600,250,248.126914298434,-0.035278284999368,0,14.1980992694928,0,2.22222225533591,0,14.0570818970646,13.9690375409493,14.0918949691614,13.9690375409493,104.34924983676,2.05380981721093,0
12.05,600,250,248.119982163486,-0.000808401480206555,0,14.1963353552165,0,2.22222225533591,0,14.074089562547,13.9686472759368,14.074887303679,13.9686472759368,104.348688446835,2.05380981721093,0
12.1,600,250,248.170584152747,0.0328088380094691,0,14.1962949351419,0,2.22222225533591,0,14.0906765279007,13.971496064387,14.0583003383253,13.971496064387,104.371472362459,2.05380981721093,0
12.15,600,250,248.329249620482,0.0702127061315387,0,14.1979353770668,0,2.22222225533591,0,14.1091318405336,13.9804286055484,14.0398450256924,13.9804286055484,104.420231186888,2.05380981721093,0
12.2,600,250,248.383045758092,0.0928698856794092,0,14.2014460124257,0,2.22222225533591,0,14.1203110407856,13.9834572180146,14.0286658254404,13.9834572180146,104.484724164015,2.05380981721093,0
12.25,600,250,248.580887153614,0.119064688273305,0,14.2060895067789,0,2.22222225533591,0,14.1332357273353,13.994595283746,14.0157411388907,13.994595283746,104.567407976548,2.05380981721093,0
12.3,600,250,248.777012429861,0.141924682228598,0,14.2120427412812,0,2.22222225533591,0,14.1445149975395,14.0056367354739,14.0044618686865,14.0056367354739,104.66596678512,2.05380981721093,0
12.35,600,250,249.005462839452,0.159873536971588,0,14.2191389754984,0,2.22222225533591,0,14.1533710796058,14.0184980260633,13.9956057866202,14.0184980260633,104.776990076338,2.05380981721093,0
12.4,600,250,249.325982938886,0.172089489394736,0,14.2271326524661,0,2.22222225533591,0,14.1593985102539,14.0365426517915,13.9895783559721,14.0365426517915,104.896496667976,2.05380981721093,0
12.45,600,250,249.492715958586,0.182694882331354,0,14.2357371270641,0,2.22222225533591,0,14.1646312803407,14.0459293796202,13.9843455858853,14.0459293796202,105.02336811593,2.05380981721093,0
12.5,600,250,249.773376522891,0.184679544160904,0,14.2448718713167,0,2.22222225533591,0,14.1656105254395,14.061729995084,13.9833663407865,14.061729995084,105.151617801286,2.05380981721093,0
12.55,600,250,250.033514959062,0.184633498342368,0,14.2541058486624,0,2.22222225533591,0,14.1655878061322,14.0763752567276,13.9833890600938,14.0763752567276,105.279835510379,2.05380981721093,0
12.6,600,250,250.286012908301,0.178955511111596,0,14.2633375237171,0,2.22222225533591,0,14.1627862501774,14.0905903745914,13.9861906160486,14.0905903745914,105.404110172725,2.05380981721093,0
12.65,600,250,250.564800598561,0.162585941199701,0,14.272285299406,0,2.22222225533591,0,14.1547093975534,14.1062855510789,13.9942674686726,14.1062855510789,105.517017078019,2.05380981721093,0
12.7,600,250,250.734564526448,0.156825343006698,0,14.2804145965871,0,2.22222225533591,0,14.1518670808107,14.1158429128364,13.9971097854153,14.1158429128364,105.625923567841,2.05380981721093,0
12.75,600,250,250.927980073456,0.136845435527917,0,14.2882558638543,0,2.22222225533591,0,14.1420088640697,14.1267318123531,14.0069680021563,14.1267318123531,105.720955121707,2.05380981721093,0
12.8,600,250,251.096278679532,0.117104422801376,0,14.2950981357326,0,2.22222225533591,0,14.1322685195586,14.1362066794912,14.0167083466674,14.1362066794912,105.802277638753,2.05380981721093,0
12.85,600,250,251.226851126828,0.0942927823457964,0,14.3009533569599,0,2.22222225533591,0,14.1210131072867,14.1435576410878,14.0279637589393,14.1435576410878,105.86775873858,2.05380981721093,0
12.9,600,250,251.312238819015,0.0625610290793333,0,14.3056679961475,0,2.22222225533591,0,14.1053564531404,14.1483647934318,14.0436204130856,14.1483647934318,105.91120389831,2.05380981721093,0
12.95,600,250,251.388720341944,0.0459647527851743,0,14.3087960476481,0,2.22222225533591,0,14.0971677421079,14.1526705466711,14.0518091241181,14.1526705466711,105.943123865997,2.05380981721093,0
13,600,250,251.397774183058,0.0183625500929701,0,14.3110942853216,0,2.22222225533591,0,14.0835486351647,14.1531802593992,14.0654282310613,14.1531802593992,105.955875637085,2.05380981721093,0
13.05,600,250,251.391942805002,-0.00718164108581476,0,14.3120124128399,0,2.22222225533591,0,14.0709449645331,14.1528519647472,14.0780319016929,14.1528519647472,105.950888386257,2.05380981721093,0
13.1,600,250,251.343792294547,-0.031856989307613,0,14.3116533307803,0,2.22222225533591,0,14.0587699866867,14.1501411895374,14.0902068795393,14.1501411895374,105.928765476686,2.05380981721093,0
13.15,600,250,251.214444419742,-0.0588888380576336,0,14.3100604812911,0,2.22222225533591,0,14.0454322961008,14.1428591688663,14.1035445701252,14.1428591688663,105.887870449648,2.05380981721093,0
13.2,600,250,251.167414959684,-0.0754381276012452,0,14.3071160393444,0,2.22222225533591,0,14.0372667686376,14.1402115064999,14.1117100975884,14.1402115064999,105.835482860255,2.05380981721093,0
13.25,600,250,251.012635560221,-0.0940103872140412,0,14.3033441329081,0,2.22222225533591,0,14.0281030945402,14.1314977430302,14.1208737716858,14.1314977430302,105.770197868161,2.05380981721093,0
13.3,600,250,250.860187739484,-0.110121227756775,0,14.2986436134774,0,2.22222225533591,0,14.0201539006754,14.1229152426717,14.1288229655506,14.1229152426717,105.693724792191,2.05380981721093,0
13.35,600,250,250.685374067389,-0.122462620159943,0,14.2931375520075,0,2.22222225533591,0,14.0140645771225,14.1130735906483,14.1349122891035,14.1130735906483,105.608681304701,2.05380981721093,0
13.4,600,250,250.444230290526,-0.130178823663179,0,14.2870144209082,0,2.22222225533591,0,14.0102573519573,14.0994976894556,14.1387195142687,14.0994976894556,105.518279342477,2.05380981721093,0
13.45,600,250,250.317437381304,-0.13733947615837,0,14.2805054796281,0,2.22222225533591,0,14.006724239285,14.0923595081186,14.142252626941,14.0923595081186,105.422904704835,2.05380981721093,0
13.5,600,250,250.109049644247,-0.137646799786172,0,14.2736385057179,0,2.22222225533591,0,14.0065726038015,14.0806277049394,14.1424042624245,14.0806277049394,105.327316648003,2.05380981721093,0
13.55,600,250,249.916498520835,-0.136535770725281,0,14.266756165626,0,2.22222225533591,0,14.0071207927908,14.0697874707024,14.1418560734352,14.0697874707024,105.232500139142,2.05380981721093,0
13.6,600,250,249.731392428963,-0.131287395394079,0,14.259929376988,0,2.22222225533591,0,14.0097103754306,14.0593663765066,14.1392664907954,14.0593663765066,105.141328335427,2.05380981721093,0
13.65,600,250,249.530222594823,-0.118015935070943,0,14.2533650071205,0,2.22222225533591,0,14.016258600565,14.0480409264918,14.132718265661,14.0480409264918,105.05937282374,2.05380981721093,0
13.7,600,250,249.406385828195,-0.11304892378471,0,14.247464210279,0,2.22222225533591,0,14.0187093563488,14.0410691699338,14.1302675098772,14.0410691699338,104.980866625497,2.05380981721093,0
13.75,600,250,249.269561057521,-0.0974584222143484,0,14.2418117640055,0,2.22222225533591,0,14.0264018115688,14.0333662153249,14.1225750546572,14.0333662153249,104.913187164617,2.05380981721093,0
13.8,600,250,249.151253132141,-0.0821487610169669,0,14.2369388428222,0,2.22222225533591,0,14.033955698316,14.0267057212157,14.11502116791,14.0267057212157,104.856139413061,2.05380981721093,0
13.85,600,250,249.061848827102,-0.0647222264741281,0,14.2328314047102,0,2.22222225533591,0,14.0425540641868,14.0216724417871,14.1064228020392,14.0216724417871,104.811193421784,2.05380981721093,0
13.9,600,250,249.008729371857,-0.0408796019117936,0,14.2295952933382,0,2.22222225533591,0,14.0543181707453,14.0186819251534,14.0946586954807,14.0186819251534,104.782804808923,2.05380981721093,0
13.95,600,250,248.95739032768,-0.0282778101674488,0,14.2275513132122,0,2.22222225533591,0,14.0605359770325,14.0157916420197,14.0884408891935,14.0157916420197,104.763167440458,2.05380981721093,0
14,600,250,248.959463931254,-0.00780789278366356,0,14.2261374226827,0,2.22222225533591,0,14.0706359678584,14.0159083816578,14.0783408983676,14.0159083816578,104.757745292611,2.05380981721093,0
14.05,600,250,248.971902104167,0.0110770058837666,0,14.2257470280377,0,2.22222225533591,0,14.0799539001057,14.016608625341,14.0690229661203,14.016608625341,104.765437657923,2.05380981721093,0
14.1,600,250,249.015390302781,0.029143625111729,0,14.2263008783402,0,2.22222225533591,0,14.0888680879374,14.0190569219344,14.0601087782886,14.0190569219344,104.785676286774,2.05380981721093,0
14.15,600,250,249.119733094324,0.0486186092479706,0,14.2277580596175,0,2.22222225533591,0,14.098477172206,14.0249312075851,14.0504996940201,14.0249312075851,104.819439210366,2.05380981721093,0
14.2,600,250,249.159807778514,0.0606745772480757,0,14.2301889901161,0,2.22222225533591,0,14.1044256654957,14.0271873303014,14.0445512007303,14.0271873303014,104.861574334083,2.05380981721093,0
14.25,600,249.999999999998,249.280286583912,0.0737820629588697,0,14.2332227190237,0,2.22222225533591,0,14.1108929844861,14.0339700405135,14.0380838817397,14.0339700405135,104.912811878568,2.05380981721093,0
14.3,600,249.876639168728,249.398256843724,0.0710015923212843,0,14.2369118222266,0,2.22222225533591,0,14.1025761197566,14.0406115247422,14.0325108217267,14.0406115247422,104.962094210593,2.05380981721093,0
14.35,600,249.506680255221,249.531585151296,0.0372012292653423,0,14.2404619018956,0,2.22222225533591,0,14.0650708702447,14.0481176356331,14.0283602116476,14.0481176356331,104.987877419909,2.05380981721093,0
14.4,600,248.890488364272,249.71254400597,-0.028392795928692,0,14.2423219633866,0,2.22222225533591,0,13.9980160075737,14.058305248861,14.0260343891847,14.058305248861,104.968247706159,2.05380981721093,0
14.45,600,248.0286716029,249.808678279652,-0.121950697414555,0,14.240902323569,0,2.22222225533591,0,13.9033354082546,14.0637174117528,14.0236779481886,14.0637174117528,104.884227511905,2.05380981721093,0
14.5,600,246.922080480226,249.963034515832,-0.248848351512191,0,14.2348047886074,0,2.22222225533591,0,13.7784244617507,14.0724073519956,14.0239912630424,14.0724073519956,104.713543751919,2.05380981721093,0
14.55,600,245.571807068121,250.105216921472,-0.404534672717549,0,14.2223623708464,0,2.22222225533591,0,13.6255901847623,14.0804119304899,14.0247902798691,14.0804119304899,104.437592885026,2.05380981721093,0
14.6,600,243.979183923461,250.240572882166,-0.590905057870494,0,14.2021356369091,0,2.22222225533591,0,13.4439723963444,14.0880321941025,14.0270852200644,14.0880321941025,104.037124729627,2.05380981721093,0
14.65,600,242.145782773057,250.138609477293,-0.810753866855599,0,14.1725903835753,0,2.22222225533591,0,13.232280826097,14.0822918630525,14.0323433240349,14.0822918630525,103.491789638928,2.05380981721093,0
14.7,600,240.07341296255,250.228684940349,-1.0514017375965,0,14.1320526896285,0,2.22222225533591,0,12.9968734164724,14.0873629273041,14.0344103742425,14.0873629273041,102.79064072976,2.05380981721093,0
14.75,600,237.764119670802,249.831925754898,-1.32700045476665,0,14.0794826019653,0,2.22222225533591,0,12.7308827239419,14.0650261970386,14.0403840929861,14.0650261970386,101.914215453004,2.05380981721093,0
14.8,600,235.220181891558,249.113912130629,-1.629087705923,0,14.0131325782383,0,2.22222225533591,0,12.438612411375,14.0246034992403,14.0462174227647,14.0246034992403,100.849786807964,2.05380981721093,0
14.85,600,232.444110184345,248.020715021158,-1.95910895680173,0,13.9316781917284,0,2.22222225533591,0,12.1194906159085,13.9630587389508,14.05276490517,13.9630587389508,99.5848330718426,2.05380981721093,0
14.9,600,229.438644196862,245.715629685338,-2.31990355122808,0,13.8337227424286,0,2.22222225533591,0,11.7722706233284,13.8332871513655,14.0615817275345,13.8332871513655,98.1062899235294,2.05380981721093,0
14.95,600,226.206749961273,244.793318322632,-2.69820536338088,0,13.7177275631388,0,2.22222225533591,0,11.4036650082327,13.7813629089409,14.0662892783435,13.7813629089409,96.4108669372143,2.05380981721093,0
15,600,222.751616967091,242.355032138931,-3.10054613753141,0,13.5828172929594,0,2.22222225533591,0,11.010630527104,13.6440923861845,14.0702899245804,13.6440923861845,94.4923900596929,2.05380981721093,0
15.05,600,219.07665501354,239.480953524848,-3.52851187694364,0,13.4277899837727,0,2.22222225533591,0,10.5925766003004,13.4822876413454,14.0745581753249,13.4822876413454,92.3451273077619,2.05380981721093,0
15.1,600,215.185490844494,236.144220665199,-3.96766615295035,0,13.2513643872966,0,2.22222225533591,0,10.1568304341987,13.2944364091953,14.0721751807178,13.2944364091953,89.9735045262283,2.05380981721093,0
15.15,600,211.081964569314,230.926687287438,-4.38059344667976,0,13.052981076693,0,2.22222225533591,0,9.72206928028707,13.0006999564966,14.0448960698696,13.0006999564966,87.4049926248861,2.05380981721093,0
15.2,600,206.770125873132,228.430648283211,-4.86229472161881,0,12.8339514010952,0,2.22222225533591,0,9.24164703218102,12.8601780681222,14.0398229271367,12.8601780681222,84.6122778843231,2.05380981721093,0
15.25,600,202.254230020291,223.599622513718,-5.27291302590471,0,12.5908366613915,0,2.22222225533591,0,8.78480958532566,12.588201202871,13.9881889824245,12.588201202871,81.6498640512399,2.05380981721093,0
15.3,600,197.538733654922,218.339501435789,-5.70615876902562,0,12.3271910061677,0,2.22222225533591,0,8.30557051206079,12.2920671497987,13.9364824632831,12.2920671497987,78.5187879566187,2.05380981721093,0
15.35,600,192.628290402766,212.649078619182,-6.11829435275682,0,12.041883063465,0,2.22222225533591,0,7.82577221839328,11.9717079893513,13.8633849429192,11.9717079893513,75.2450196263011,2.05380981721093,0
15.4,600,187.527746278613,204.589826630996,-6.4119934708173,0,11.7359683412687,0,2.22222225533591,0,7.39370895971995,11.5179885938022,13.7211478073687,11.5179885938022,71.9049454522648,2.05380981721093,0
15.45,600,182.242134903867,200.480387717419,-6.89405856247026,0,11.4153686629505,0,2.22222225533591,0,6.85828579286928,11.2866355919793,13.6614327649731,11.2866355919793,68.41497887088,2.05380981721093,0
15.5,600,176.776672538971,193.532682555517,-7.18288964845265,0,11.0706657296905,0,2.22222225533591,0,6.40808030275909,10.8954940082278,13.4962495603925,10.8954940082278,64.887847342577,2.05380981721093,0
15.55,600,171.136752935587,186.188512425681,-7.50412183543067,0,10.7115212419162,0,2.22222225533591,0,5.93206631242404,10.482032258055,13.3372316849554,10.482032258055,61.3205388323404,2.05380981721093,0
15.6,600,165.327942013612,178.651725626618,-7.7873903732804,0,10.3363151445536,0,2.22222225533591,0,5.46527559868377,10.05772658355,13.149974061644,10.05772658355,57.7442242677407,2.05380981721093,0
15.65,600,159.355972368293,168.740377831357,-7.87178963862907,0,9.94694562008757,0,2.22222225533591,0,5.08742277957872,9.49973798394618,12.8554075391814,9.49973798394618,54.2597334043111,2.05380981721093,0
15.7,600,153.226737612839,163.437487537355,-8.28570446226759,0,9.55335613229118,0,2.22222225533591,0,4.53813112966727,9.20119611152621,12.7145724397371,9.20119611152621,50.7330903973783,2.05380981721093,0
15.75,600,146.946286562144,155.411053808832,-8.39602034552038,0,9.13907090300447,0,2.22222225533591,0,4.13012401026665,8.74932431684123,12.4154264737958,8.74932431684123,47.305968091659,2.05380981721093,0
15.8,600,140.52081726333,147.013596944158,-8.55723233690432,0,8.71926987947293,0,2.22222225533591,0,3.68884018833802,8.27656467880358,12.1332287491366,8.27656467880358,43.9657755932918,2.05380981721093,0
15.85,600,133.956670879029,138.71629535498,-8.67906761150686,0,8.29140825625207,0,2.22222225533591,0,3.25917785930327,7.80944357783181,11.8237950592985,7.80944357783181,40.7362783130256,2.05380981721093,0
15.9,600,127.260325429415,128.306645187146,-8.54828989414033,0,7.85745486921032,0,2.22222225533591,0,2.94671389222177,7.22340157431209,11.3822779337822,7.22340157431209,37.7144500630155,2.05380981721093,0
15.95,600,120.438389399186,122.572265891287,-8.87053860448124,0,7.43004036813433,0,2.22222225533591,0,2.40365323651601,6.90056775402948,11.1572165114968,6.90056775402948,34.7468017337191,2.05380981721093,0
16,600,113.49759521578,114.520707702843,-8.8226731486978,0,6.98651343130121,0,2.22222225533591,0,2.03651785497055,6.4472815036623,10.7428468734345,6.4472815036623,31.9652678429598,2.05380981721093,0
16.05,600,106.444792605289,106.04282229196,-8.84627571212831,0,6.54537976729291,0,2.22222225533591,0,1.62781384109168,5.9699939030514,10.3574341772144,5.9699939030514,29.3496011831314,2.05380981721093,0
16.1,600,99.2869418326021,97.8725878597077,-8.84819072640272,0,6.10306597509551,0,2.22222225533591,0,1.22389660892658,5.51002642300117,9.9554067061304,5.51002642300117,26.9092961523899,2.05380981721093,0
16.15,600,92.0311068324642,87.877337375405,-8.58876544487643,0,5.66065643218295,0,2.22222225533591,0,0.943410072739415,4.94731427369163,9.41891591606141,4.94731427369163,24.71364725796,2.05380981721093,0
16.2,600,84.6844482382261,82.2888833523376,-8.84821485481397,0,5.23121815354,0,2.22222225533591,0,0.401794195056398,4.63269574766504,9.13332810249137,4.63269574766504,22.6322411356301,2.05380981721093,0
16.25,600,77.2542163151639,74.8020131874878,-8.72828375742578,0,4.78880740420687,0,2.22222225533591,0,0.0426621281643568,4.21120027752345,8.65584646333152,4.21120027752345,20.7591946592299,2.05380981721093,0
16.3,600,69.7477438053412,66.7753135114565,-8.69540895550401,0,4.3523932098325,0,2.22222225533591,0,-0.363716272075053,3.75931351053795,8.21702677946708,3.75931351053795,19.0745136449285,2.05380981721093,0
16.35,600,62.1724386910786,59.124965821084,-8.6630580483562,0,3.91762275557872,0,2.22222225533591,0,-0.774228300194971,3.32861459022819,7.77459045392307,3.32861459022819,17.5783929409993,2.05380981721093,0
16.4,600,54.5357768841689,49.7786313936076,-8.38699241913364,0,3.48446984670643,0,2.22222225533591,0,-1.0679441501799,2.8024350870621,7.20844943775644,2.8024350870621,16.3078619573472,2.05380981721093,0
16.45,600,46.8452948480549,44.5625392197434,-8.6369779929646,0,3.06512021950095,0,2.22222225533591,0,-1.62424706558884,2.50877977119369,6.89883554946657,2.50877977119369,15.1839681053872,2.05380981721093,0
16.5,600,39.1085821602491,37.611266491345,-8.5309412250935,0,2.63327131341767,0,2.22222225533591,0,-2.00748892525384,2.11743734074867,6.41095522325285,2.11743734074867,14.257209714339,2.05380981721093,0
16.55,600,31.3332740223374,29.9926806568994,-8.51709678373246,0,2.20672424580695,0,2.22222225533591,0,-2.43839192533978,1.68852654793433,5.96639034773137,1.68852654793433,13.5159082382942,2.05380981721093,0
16.6,600,23.5270437249562,22.6839583358493,-8.51846942065644,0,1.78086940027459,0,2.22222225533591,0,-2.87854398546287,1.27706043686051,5.5275928236408,1.27706043686051,12.9592015563057,2.05380981721093,0
16.65,600,15.697595075181,13.57488495207,-8.29763199158925,0,1.35494592289502,0,2.22222225533591,0,-3.2103632945892,0.764238244954997,4.97784825709581,0.764238244954997,12.5973880312286,2.05380981721093,0
16.7,600,7.85265479379853,8.56602379879291,-8.57533483208218,0,0.940064317133337,0,2.22222225533591,0,-3.78903777340058,0.482249611495526,4.67321456591695,0.482249611495526,12.4103348501702,2.05380981721093,0
16.75,600,7.85265479379853,1.68214222761632,-7.6274453090598,0,0.511297569140106,0,2.22222225533591,0,-3.32134289671767,0.0947011653017471,4.20551968923404,0.0947011653017471,12.243957917217,2.05380981721093,0
16.8,600,7.85265479379853,-5.9511203625036,-6.76773842763261,0,0.129925298004227,0,2.22222225533591,0,-2.89715791088673,-0.335035898824481,3.78133470340311,-0.335035898824481,12.0963337105536,2.05380981721093,0
16.85,600,7.85265479379853,-15.2914068134715,-5.70735106146429,0,-0.208461628419762,0,2.22222225533591,0,-2.37395586422322,-0.860874913288918,3.25813265673959,-0.860874913288918,11.9718396596076,2.05380981721093,0
16.9,600,7.85265479379853,-20.383128417155,-5.12938174374954,0,-0.493829185745285,0,2.22222225533591,0,-2.08878203097607,-1.14752842055162,2.97295882349244,-1.14752842055162,11.8599528131091,2.05380981721093,0
16.95,600,7.85265479379853,-28.0699779202995,-4.27010125079537,0,-0.750298276754449,0,2.22222225533591,0,-1.66480742800037,-1.58028231822797,2.54898422051675,-1.58028231822797,11.7668093921182,2.05380981721093,0
17,600,7.85265479379853,-35.308611354465,-3.36580332011308,0,-0.96380334247569,0,2.22222225533591,0,-1.21862092746124,-1.9878025683908,2.10279771997761,-1.9878025683908,11.6933913588667,2.05380981721093,0
17.05,600,7.85265479379853,-43.3072823204223,-2.54470142598488,0,-1.13209351098906,0,2.22222225533591,0,-0.813483894303704,-2.43811137635337,1.69766068682008,-2.43811137635337,11.6378839640075,2.05380981721093,0
17.1,600,7.85265479379853,-45.3457513541071,-1.51477148566115,0,-1.25932858418426,0,2.22222225533591,0,-0.305309740320179,-2.55287301169679,1.18948653283655,-2.55287301169679,11.6048423591586,2.05380981721093,0
17.15,600,7.85265479379853,-48.7582639123965,-0.960063893679402,0,-1.33506715959591,0,2.22222225533591,0,-0.0316133943580843,-2.74499048581478,0.915790186874458,-2.74499048581478,11.5839005523547,2.05380981721093,0
17.2,600,7.85265479379853,-47.1106257545174,-0.0598603938017856,0,-1.38307035499518,0,2.22222225533591,0,0.412552887301353,-2.65223182903468,0.471623905215021,-2.65223182903468,11.5825948217565,2.05380981721093,0
17.25,600,7.85265479379853,-44.6085374497968,0.760534282919268,0,-1.38606337472987,0,2.22222225533591,0,0.817340974774825,-2.51136937742101,0.0668358177415487,-2.51136937742101,11.5991843030665,2.05380981721093,0
17.3,600,7.85265479379853,-40.8492446784353,1.5950987208515,0,-1.34803666001726,0,2.22222225533591,0,1.2291205149032,-2.29972888691216,-0.344943722386824,-2.29972888691216,11.6339780802985,2.05380981721093,0
17.35,600,7.85265479379853,-34.2493377714348,2.65566823829068,0,-1.26828172278625,0,2.22222225533591,0,1.75241243619249,-1.92816763322336,-0.868235643676117,-1.92816763322336,11.691905986501,2.05380981721093,0
17.4,600,7.85265479379853,-31.0984829477088,3.22293218909531,0,-1.13549830889309,0,2.22222225533591,0,2.03230417154187,-1.75078095413956,-1.1481273790255,-1.75078095413956,11.7622075817286,2.05380981721093,0
17.45,600,7.85265479379853,-24.6796384803416,3.93469094140727,0,-0.97435169703705,0,2.22222225533591,0,2.38349058494278,-1.38941314529991,-1.49931379242641,-1.38941314529991,11.8480347210163,2.05380981721093,0
17.5,600,7.85265479379853,-18.6501130662059,4.56585239046206,0,-0.777617147035114,0,2.22222225533591,0,2.69490976293038,-1.04996320250626,-1.81073297041401,-1.04996320250626,11.9476293410052,2.05380981721093,0
17.55,600,7.85265479379853,-12.1555781202681,4.99222437109234,0,-0.549324524110185,0,2.22222225533591,0,2.90528448072038,-0.684334174606058,-2.02110768820401,-0.684334174606058,12.0565243832928,2.05380981721093,0
17.6,600,7.85265479379853,-3.6585787128146,5.13339660337974,0,-0.299713301836071,0,2.22222225533591,0,2.97493978143536,-0.20597049510057,-2.09076298891899,-0.20597049510057,12.1684988056446,2.05380981721093,0
17.65,600,7.85265479379853,0.885598372142459,5.34651011755052,0,-0.043043467842406,0,2.22222225533591,0,3.08009138012775,0.049857376180411,-2.19591458761138,0.049857376180411,12.2851218582288,2.05380981721093,0
17.7,600,6.6747565571767,8.44606448372299,5.07644883345276,0,0.224282042018581,0,2.22222225533591,0,2.88052811967957,0.475496147525943,-2.12897784801694,0.475496147525943,12.3792442489043,2.05380981721093,0
17.75,600,5.67354305868095,15.3593177371746,4.77058442325711,0,0.478104487473468,0,2.22222225533591,0,2.67324635237209,0.864698159329487,-2.0344286231387,0.864698159329487,12.4544279059702,2.05380981721093,0
17.8,600,4.82251158719745,22.103756689001,4.34666379958505,0,0.716633712190685,0,2.22222225533591,0,2.41616981969664,1.24439627139075,-1.87317475127613,1.24439627139075,12.5126552305577,2.05380981721093,0
17.85,600,4.09913483833868,29.4791945333848,3.66176248300853,0,0.933966905408455,0,2.22222225533591,0,2.03751040962358,1.65961832991045,-1.57596460267984,1.65961832991045,12.5543498371896,2.05380981721093,0
17.9,600,3.4842646034256,34.0765705471164,3.32509022747137,0,1.11705503228711,0,2.22222225533591,0,1.83677818554748,1.9184411920222,-1.44446425067693,1.9184411920222,12.5865317659547,2.05380981721093,0
17.95,600,2.96162490512382,38.7681203065316,2.637934766152,0,1.28330954613806,0,2.22222225533591,0,1.46830765093217,2.18256584331125,-1.13484080716909,2.18256584331125,12.6082333587823,2.05380981721093,0
18,600,2.5173811627355,42.7537249807976,1.98698155229187,0,1.41520628641108,0,2.22222225533591,0,1.12211307337163,2.40694723085892,-0.838666256918374,2.40694723085892,12.6221277754628,2.05380981721093,0
18.05,600,2.13977398269839,44.8567361227663,1.27803446899933,0,1.51455536550609,0,2.22222225533591,0,0.751055444263375,2.52534245482831,-0.510125650911658,2.52534245482831,12.629724178092,2.05380981721093,0
18.1,600,1.81880788051086,44.3719376997309,0.352428102398547,0,1.57845708990826,0,2.22222225533591,0,0.276285487610391,2.49804929563869,-0.0714951637999517,2.49804929563869,12.6315047309239,2.05380981721093,0
18.15,600,1.54598669436888,45.1499280516388,-0.153052866317033,0,1.59607849529077,0,2.22222225533591,0,0.0115186043111314,2.5418485604747,0.16255317047,2.5418485604747,12.6308474595395,2.05380981721093,0
18.2,600,1.314088686758,42.9103344033371,-0.938047912491605,0,1.58842585186088,0,2.22222225533591,0,-0.388858457732234,2.41576402088312,0.536819465907115,2.41576402088312,12.6274233535178,2.05380981721093,0
18.25,600,1.11697538080708,40.3392558579483,-1.66058094275096,0,1.5415234555374,0,2.22222225533591,0,-0.756458045964897,2.27101755989232,0.882224902582827,2.27101755989232,12.6222710533552,2.05380981721093,0
18.3,600,0.949429071189385,36.7746950360034,-2.33855688493384,0,1.45849440716263,0,2.22222225533591,0,-1.10040831476495,2.07034007966195,1.20731014260908,2.07034007966195,12.6161035702323,2.05380981721093,0
18.35,600,0.807014708388838,30.9162021086798,-3.02262915053435,0,1.34156656117357,0,2.22222225533591,0,-1.44595167214537,1.74051891589759,1.53681822557394,1.74051891589759,12.6093277196244,2.05380981721093,0
18.4,600,0.685962500326694,28.1700727614223,-3.47731962239297,0,1.19043510139482,0,2.22222225533591,0,-1.67711390992549,1.58591745296236,1.75435048013667,1.58591745296236,12.6027018560184,2.05380981721093,0
18.45,600,0.583068123744444,22.3544440482952,-3.8658784260488,0,1.01656911768437,0,2.22222225533591,0,-1.8746241022758,1.25850945674561,1.94027518678267,1.25850945674561,12.5964405490348,2.05380981721093,0
18.5,600,0.495607903879519,16.8169831445551,-4.18066383900731,0,0.823275193501624,0,2.22222225533591,0,-2.03486511076262,0.946761738991586,2.09066853244671,0.946761738991586,12.59068507661,2.05380981721093,0
18.55,600,0.421266717189821,10.8859495630618,-4.35386610830845,0,0.614241998436421,0,2.22222225533591,0,-2.12450949746014,0.612856684835058,2.17194240576689,0.612856684835058,12.5855902463048,2.05380981721093,0
18.6,600,0.358076708669743,3.27792426399099,-4.30959609448986,0,0.396548689777116,0,2.22222225533591,0,-2.10622385190744,0.184540428552647,2.14654182386216,0.184540428552647,12.5813036740598,2.05380981721093,0
18.65,600,0.304365201568918,-0.900728893686261,-4.37879417073471,0,0.181068881841723,0,2.22222225533591,0,-2.14339048226201,-0.0507091935822318,2.1776607583334,-0.0507091935822318,12.5776015835313,2.05380981721093,0
18.7,600,0.258710420653271,-7.09652468577031,-4.16251168185712,0,-0.0378708299574682,0,2.22222225533591,0,-2.03924556151189,-0.399519818420701,2.06837529609597,-0.399519818420701,12.5746102358528,2.05380981721093,0
18.75,600,0.219903856977018,-12.7698841324298,-3.92248702431972,0,-0.245996417151637,0,2.22222225533591,0,-1.92300055918391,-0.718918346056307,1.94776083351527,-0.718918346056307,12.5722142079683,2.05380981721093,0
18.8,600,0.186918277938942,-17.9019790702546,-3.57701971259971,0,-0.442120771290104,0,2.22222225533591,0,-1.75440175362888,-1.00784478941652,1.77544798675519,-1.00784478941652,12.5703569569272,2.05380981721093,0
18.85,600,0.158880535830305,-22.8607060338935,-2.99115522356111,0,-0.620971759585176,0,2.22222225533591,0,-1.46691085883385,-1.28701097058733,1.48480015694417,-1.28701097058733,12.5690368559501,2.05380981721093,0
18.9,600,0.135048455100634,-26.1816711033935,-2.72126031526655,0,-0.770529522991816,0,2.22222225533591,0,-1.33508464709789,-1.47397450841712,1.35029055045168,-1.47397450841712,12.5680160170418,2.05380981721093,0
18.95,600,0.114791186533682,-28.9892747150462,-2.13290755402034,0,-0.906592540782641,0,2.22222225533591,0,-1.04592799781743,-1.63203684664501,1.05885301563416,-1.63203684664501,12.5673359087292,2.05380981721093,0
19,600,0.0975725082970514,-31.2600217375175,-1.57267746896118,0,-1.0132379200728,0,2.22222225533591,0,-0.770476194081288,-1.7598752574542,0.781462459196621,-1.7598752574542,12.5669096584857,2.05380981721093,0
19.05,600,0.0829366318344022,-32.500609936994,-0.97596545091409,0,-1.09187179469259,0,2.22222225533591,0,-0.476878560069312,-1.82971783450936,0.486216885392789,-1.82971783450936,12.5666848160176,2.05380981721093,0
19.1,600,0.070496136873864,-32.1661569195687,-0.220371371517162,0,-1.14067006796545,0,2.22222225533591,0,-0.104763884620565,-1.81088881400867,0.112701461124648,-1.81088881400867,12.5666416623215,2.05380981721093,0
19.15,600,0.0599217161852133,-32.6640069274865,0.199788528442793,0,-1.1516886367055,0,2.22222225533591,0,0.101950433779344,-1.83891675072013,-0.0952034937686158,-1.83891675072013,12.5666749169651,2.05380981721093,0
19.2,600,0.0509334586234958,-31.0120556896249,0.802629872042488,0,-1.1416992101345,0,2.22222225533591,0,0.398890266407161,-1.74591527636273,-0.393155367413122,-1.74591527636273,12.5667884745095,2.05380981721093,0
19.25,600,0.0432934397161263,-29.1876970400232,1.34938930381915,0,-1.10156771593437,0,2.22222225533591,0,0.668234820822601,-1.64320761751605,-0.663360156690487,-1.64320761751605,12.5669507514688,2.05380981721093,0
19.3,600,0.036799423661939,-26.5353820400977,1.83945897961406,0,-1.03409824973804,0,2.22222225533591,0,0.909672797289122,-1.49388771036636,-0.905529332787721,-1.49388771036636,12.5671387821113,2.05380981721093,0
19.35,600,0.031279510030395,-22.0191914060435,2.30709845502579,0,-0.942125299386834,0,2.22222225533591,0,1.14009840647793,-1.23963541900344,-1.136576461661,-1.23963541900344,12.5673392401956,2.05380981721093,0
19.4,600,0.0265875834559206,-19.935815364781,2.62237712925419,0,-0.826770374916622,0,2.22222225533591,0,1.29539481601779,-1.12234561102515,-1.29240116293127,-1.12234561102515,12.5675329142839,2.05380981721093,0
19.45,600,0.0225994458781046,-15.4170821155956,2.88463022861691,0,-0.695651516500089,0,2.22222225533591,0,1.42456768274899,-0.867950175633216,-1.42202307763214,-0.867950175633216,12.567714000522,2.05380981721093,0
19.5,600,0.0192095289458752,-11.1100844382266,3.09547578686343,0,-0.551420002920027,0,2.22222225533591,0,1.52840941180082,-0.625475019666914,-1.52624649745718,-0.625475019666914,12.5678791745015,2.05380981721093,0
19.55,600,0.0163280995610573,-6.56122771509211,3.20644914061921,0,-0.396646211270546,0,2.22222225533591,0,1.58300217018915,-0.369383694332338,-1.5811636930019,-0.369383694332338,12.5680246056726,2.05380981721093,0
19.6,600,0.0138788845904026,-0.881374248483805,3.16194855010498,0,-0.236323751850595,0,2.22222225533591,0,1.56090740262294,-0.0496195666621159,-1.55934469701789,-0.0496195666621159,12.5681465065605,2.05380981721093,0
19.65,600,0.0117970518708205,2.30637215520025,3.20420280985209,0,-0.0782263219895106,0,2.22222225533591,0,1.58163872721565,0.129844032883279,-1.58031042745484,0.129844032883279,12.5682515069697,2.05380981721093,0
19.7,600,0.0100274940638289,6.79256713064156,3.03138714699665,0,0.081983820890411,0,2.22222225533591,0,1.49627072886659,0.382407630045433,-1.49514167407288,0.382407630045433,12.5683359436838,2.05380981721093,0
19.75,600,0.00852336993184139,10.8468317133108,2.84232662321626,0,0.233553180498803,0,2.22222225533591,0,1.40290235349431,0.610654429939664,-1.40194265692217,0.610654429939664,12.5684032386884,2.05380981721093,0
19.8,600,0.00724486442301396,14.4611427627211,2.57161658496294,0,0.375669513777315,0,2.22222225533591,0,1.26926027669483,0.814132746174058,-1.26844453461066,0.814132746174058,12.5684549915044,2.05380981721093,0
19.85,600,0.00615813474336833,17.8754295373617,2.11595501142792,0,0.504250344941465,0,2.22222225533591,0,1.04437270196153,1.00635010504209,-1.04367932119181,1.00635010504209,12.568491186883,2.05380981721093,0
19.9,600,0.00523441451809858,20.19371679261,1.90395319352727,0,0.610048097089371,0,2.22222225533591,0,0.93971761790537,1.1368649336766,-0.939128244252657,1.1368649336766,12.5685188704396,2.05380981721093,0
19.95,600,0.00444925232868396,22.0767447143719,1.45316593399685,0,0.70524575818429,0,2.22222225533591,0,0.717252039144832,1.24287555249287,-0.716751071541343,1.24287555249287,12.5685368301674,2.05380981721093,0
20,600,0.00378186446943652,23.5810763876894,1.02413563011504,0,0.777904055966825,0,2.22222225533591,0,0.505528114743221,1.32756634743555,-0.505102292281375,1.32756634743555,12.5685475888958,2.05380981721093,0
20.05,600,0.00321458479056791,24.3302349838733,0.574385963595235,0,0.829110838235617,0,2.22222225533591,0,0.283586757485058,1.36974244342179,-0.283224808393441,1.36974244342179,12.5685527178191,2.05380981721093,0
20.1,600,0.00273239706479757,23.8840279658448,0.0183200739125523,0,0.85783013684333,0,2.22222225533591,0,0.00919307239065618,1.34462190136572,-0.00888541566359086,1.34462190136572,12.5685528568683,2.05380981721093,0
20.15,600,0.00232253749897055,24.142831568521,-0.295636126033704,0,0.858746140552607,0,2.22222225533591,0,-0.145738039827871,1.35919201461498,0.145999548045189,1.35919201461498,12.5685509495739,2.05380981721093,0
20.2,600,0.00197415686893369,22.7448264170339,-0.731599665612878,0,0.843964334030656,0,2.22222225533591,0,-0.360864908515335,1.28048718527882,0.361087190499471,1.28048718527882,12.5685469376502,2.05380981721093,0
20.25,600,0.00167803333418105,21.2315850385338,-1.1247057547554,0,0.807384350204928,0,2.22222225533591,0,-0.554842689497731,1.195294792166,0.55503162918375,1.195294792166,12.5685416951675,2.05380981721093,0
20.3,600,0.0014263283303032,19.1087602800337,-1.47325232795339,0,0.751149061629186,0,2.22222225533591,0,-0.726832013840753,1.07578410212986,0.726992612573447,1.07578410212986,12.5685358581076,2.05380981721093,0
20.35,600,0.00121237907756963,15.5908821693378,-1.79894624668044,0,0.677486444133859,0,2.22222225533591,0,-0.887543563757531,0.877734763017492,0.887680072679961,0.877734763017492,12.5685297997609,2.05380981721093,0
20.4,600,0.0010305222132243,13.938039440855,-2.02184927426263,0,0.587539130459517,0,2.22222225533591,0,-0.997535610423802,0.784683099562346,0.997651643007563,0.784683099562346,12.5685240120925,2.05380981721093,0
20.45,600,0.000875943878937262,10.4943528265386,-2.19767035431881,0,0.486446665239991,0,2.22222225533591,0,-1.08429558119373,0.590810589880498,1.08439420888967,0.590810589880498,12.5685186647705,2.05380981721093,0
20.5,600,0.000744552295138785,7.22359167159442,-2.33692033561747,0,0.376563145886659,0,2.22222225533591,0,-1.15300982780337,0.406673429709548,1.1530936613447,0.406673429709548,12.5685138315498,2.05380981721093,0
20.55,600,0.000632869449203764,3.8152157947832,-2.40148103209926,0,0.259717127364644,0,2.22222225533591,0,-1.18487078429287,0.214788842294024,1.18494204280281,0.214788842294024,12.5685096098165,2.05380981721093,0
20.6,600,0.000537939030408626,-0.366201147300264,-2.34618354464584,0,0.139643073970438,0,2.22222225533591,0,-1.15759198749463,-0.0206163752474811,1.15765255722792,-0.0206163752474811,12.5685061039728,2.05380981721093,0
20.65,600,0.000457248174644944,-2.73851793144875,-2.36526537900907,0,0.0223338949901026,0,2.22222225533591,0,-1.16701163182951,-0.154172955800192,1.16706311610267,-0.154172955800192,12.5685030997692,2.05380981721093,0
20.7,600,0.000388660947426173,-5.99516657613418,-2.21867585454535,0,-0.0959293757226108,0,2.22222225533591,0,-1.09468726512147,-0.337515610521545,1.09473102675354,-0.337515610521545,12.5685007044563,2.05380981721093,0
20.75,600,0.000330361804443522,-8.92609019759462,-2.06158692942978,0,-0.20686317010292,0,2.22222225533591,0,-1.01718184641356,-0.502520612955875,1.01721904380073,-0.502520612955875,12.5684988125963,2.05380981721093,0
20.8,600,0.000280807533038578,-11.5095543305531,-1.84553926969038,0,-0.309942518110411,0,2.22222225533591,0,-0.910585310953168,-0.64796435718262,0.910616928732173,-0.64796435718262,12.568497373037,2.05380981721093,0
20.85,600,0.000238686402455137,-13.8937725814612,-1.49298079373643,0,-0.402219482969964,0,2.22222225533591,0,-0.736633029418391,-0.782190965960314,0.736659904530474,-0.782190965960314,12.5684963831642,2.05380981721093,0
20.9,600,0.000202883441553361,-15.5404526239142,-1.32578680675612,0,-0.476868523769143,0,2.22222225533591,0,-0.654140440750736,-0.874895682802486,0.654163284595948,-0.874895682802486,12.568495635997,2.05380981721093,0
20.95,600,0.000172450924866877,-16.7958104573806,-0.983891847403002,0,-0.543157865094737,0,2.22222225533591,0,-0.485448949852962,-0.945569760028649,0.48546836712134,-0.945569760028649,12.5684951646829,2.05380981721093,0
21,600,0.000146583285751388,-17.7791582543227,-0.659800315656542,0,-0.592352458197944,0,2.22222225533591,0,-0.325541529330029,-1.0009302288038,0.325558034008108,-1.0009302288038,12.5684948960282,2.05380981721093,0
21.05,600,0.00012459579256104,-18.1955012628107,-0.323835615186758,0,-0.62534247447236,0,2.22222225533591,0,-0.159775591429223,-1.02436948823249,0.159789620405553,-1.02436948823249,12.5684947839489,2.05380981721093,0
21.1,600,0.000105906423398391,-17.6902245545507,0.0854363229618534,0,-0.641534255472975,0,2.22222225533591,0,0.0421608016304573,-0.99592344348878,-0.0421488770006084,-0.99592344348878,12.5684948090829,2.05380981721093,0
21.15,600,9.00204596519131E-05,-17.7846258685957,0.318696394055443,0,-0.637262439261227,0,2.22222225533591,0,0.157251948639788,-1.00123804429917,-0.157241812704443,-1.00123804429917,12.5684948887751,2.05380981721093,0
21.2,600,7.65173905029147E-05,-16.6096052804532,0.63534508470255,0,-0.621327619321008,0,2.22222225533591,0,0.313487718891549,-0.935086789593244,-0.313479103346528,-0.935086789593244,12.5684950238167,2.05380981721093,0
21.25,600,6.50397817564478E-05,-15.362018403832,0.919803220873495,0,-0.589560364612511,0,2.22222225533591,0,0.453840573515205,-0.86485020133601,-0.453833250301957,-0.86485020133601,12.5684951899939,2.05380981721093,0
21.3,600,5.52838143476054E-05,-13.6772268972898,1.16895594488333,0,-0.543570202883529,0,2.22222225533591,0,0.576773604296736,-0.769999887051869,-0.576767379565491,-0.769999887051869,12.568495369506,2.05380981721093,0
21.35,600,4.69912420718956E-05,-10.967429008295,1.39574674731432,0,-0.485122404768423,0,2.22222225533591,0,0.688673199421233,-0.617443810872945,-0.688667908399689,-0.617443810872945,12.5684955516945,2.05380981721093,0
21.4,600,3.99425556560777E-05,-9.67119057270363,1.55396351241146,0,-0.415335066362795,0,2.22222225533591,0,0.766737987032284,-0.544468239399795,-0.766733489663984,-0.544468239399795,12.5684957241091,2.05380981721093,0
21.45,600,3.39511722183874E-05,-7.06617115867849,1.6700891592691,0,-0.337636889584428,0,2.22222225533591,0,0.824034801737028,-0.397810976956868,-0.824030978973982,-0.397810976956868,12.5684958816133,2.05380981721093,0
21.5,600,2.88584963097425E-05,-4.60132609296972,1.75987613601261,0,-0.25413243037666,0,2.22222225533591,0,0.868335995314007,-0.259045243489934,-0.868332745965427,-0.259045243489934,12.5684960226893,2.05380981721093,0
21.55,600,2.45297217987774E-05,-2.05890255465708,1.7936986871376,0,-0.166138622264819,0,2.22222225533591,0,0.885024019067345,-0.115912000761712,-0.885021257121059,-0.115912000761712,12.5684961449086,2.05380981721093,0
21.6,600,2.08502634741326E-05,1.01707787383308,1.73541905650738,0,-0.0764536865715296,0,2.22222225533591,0,0.85626826182961,0.0572594030833553,-0.856265914175273,0.0572594030833553,12.5684962454195,2.05380981721093,0
21.65,600,1.77227239064087E-05,2.77815953865728,1.73976819993084,0,0.0103172675468275,0,2.22222225533591,0,0.858413981503618,0.156404697168698,-0.858411985997437,0.156404697168698,12.568496331068,2.05380981721093,0
21.7,600,1.5064315280834E-05,5.14178234772723,1.61767375821825,0,0.0973056788395976,0,2.22222225533591,0,0.798171637498887,0.289471824714686,-0.798169941318637,0.289471824714686,12.56849639876,2.05380981721093,0
21.75,600,1.28046679550376E-05,7.26115853188464,1.48912751838753,0,0.178189367955771,0,2.22222225533591,0,0.734745956647022,0.408788367072041,-0.734744514893814,0.408788367072041,12.5684964517261,2.05380981721093,0
21.8,600,1.08839677331613E-05,9.10512626660037,1.31840927812352,0,0.252645744984634,0,2.22222225533591,0,0.650512354644626,0.512599977285201,-0.650511129154403,0.512599977285201,12.5684964915859,2.05380981721093,0
21.85,600,9.25137254885952E-06,10.7589343654772,1.04753755484627,0,0.318566209873102,0,2.22222225533591,0,0.51686238673138,0.605705989118125,-0.516861345064693,0.605705989118125,12.5684965185058,2.05380981721093,0
21.9,600,7.86366664585216E-06,11.9251846139209,0.916906723940291,0,0.370943088395892,0,2.22222225533591,0,0.452408204127245,0.671363491645468,-0.452407318710563,0.671363491645468,12.5684965385342,2.05380981721093,0
21.95,600,6.68411663139767E-06,12.7462836090024,0.658667843802214,0,0.416788425276055,0,2.22222225533591,0,0.324991388967605,0.717589684880327,-0.324990636363427,0.717589684880327,12.5684965507637,2.05380981721093,0
22,600,5.68149912174786E-06,13.3716362612097,0.414753575840516,0,0.449721817956911,0,2.22222225533591,0,0.204642440900608,0.752795759560761,-0.204641801187059,0.752795759560761,12.5684965573093,2.05380981721093,0
22.05,600,4.82927424078654E-06,13.5731350529328,0.164395200424249,0,0.470459497057953,0,2.22222225533591,0,0.0811139366274212,0.764139729214331,-0.0811133928709057,0.764139729214331,12.5684965595147,2.05380981721093,0
22.1,600,4.10488309387429E-06,13.0685546520052,-0.136428517302277,0,0.478679257201649,0,2.22222225533591,0,-0.0673144896868386,0.73573288514861,0.0673149518798756,0.73573288514861,12.568496557959,2.05380981721093,0
22.15,600,3.48915062061802E-06,13.0641720392686,-0.309446880900019,0,0.471857831234888,0,2.22222225533591,0,-0.152682914085924,0.735486153019536,0.152683306950004,0.735486153019536,12.5684965549598,2.05380981721093,0
22.2,600,2.96577801972645E-06,12.093338487374,-0.538985194041574,0,0.456385486959331,0,2.22222225533591,0,-0.265938645245208,0.68083021063306,0.265938979179675,0.68083021063306,12.5684965505195,2.05380981721093,0
22.25,600,2.52091131013846E-06,11.0789942938216,-0.744406381865332,0,0.429436226855677,0,2.22222225533591,0,-0.367294824962151,0.623724708155668,0.367295108806448,0.623724708155668,12.5684965453068,2.05380981721093,0
22.3,600,2.14277460798301E-06,9.75242155079073,-0.921894238184536,0,0.392215907207785,0,2.22222225533591,0,-0.454868512862215,0.549041377245784,0.454868754129867,0.549041377245784,12.5684965398196,2.05380981721093,0
22.35,600,1.82135841199609E-06,7.67451544333794,-1.0785961846082,0,0.346121194611693,0,2.22222225533591,0,-0.532186293975604,0.432059515348028,0.532186499053107,0.432059515348028,12.5684965343626,2.05380981721093,0
22.4,600,1.54815464612562E-06,6.66463381017519,-1.19037486691562,0,0.292191384577666,0,2.22222225533591,0,-0.587338640685977,0.375205245888978,0.587338815001854,0.375205245888978,12.5684965292435,2.05380981721093,0
22.45,600,1.31593144574638E-06,4.69955465173505,-1.26556343699044,0,0.232672640344987,0,2.22222225533591,0,-0.624437184922858,0.26457531034651,0.624437333091354,0.26457531034651,12.5684965246174,2.05380981721093,0
22.5,600,1.11854172594309E-06,2.84665324508258,-1.32182985228839,0,0.169394467552547,0,2.22222225533591,0,-0.652199412543868,0.160260752683993,0.652199538487089,0.160260752683993,12.5684965205104,2.05380981721093,0
22.55,600,9.50760464551489E-07,0.954047137649616,-1.33633650595072,0,0.103302973953287,0,2.22222225533591,0,-0.659357099578502,0.0537109016139764,0.659357206630239,0.0537109016139764,12.5684965169811,2.05380981721093,0
